ARM GAS  /tmp/ccEYOayA.s 			page 1


   1              		.cpu cortex-m4
   2              		.arch armv7e-m
   3              		.fpu fpv4-sp-d16
   4              		.eabi_attribute 27, 1
   5              		.eabi_attribute 28, 1
   6              		.eabi_attribute 20, 1
   7              		.eabi_attribute 21, 1
   8              		.eabi_attribute 23, 3
   9              		.eabi_attribute 24, 1
  10              		.eabi_attribute 25, 1
  11              		.eabi_attribute 26, 1
  12              		.eabi_attribute 30, 1
  13              		.eabi_attribute 34, 1
  14              		.eabi_attribute 18, 4
  15              		.file	"bootloader.c"
  16              		.text
  17              	.Ltext0:
  18              		.cfi_sections	.debug_frame
  19              		.file 1 "Core/Src/bootloader.c"
  20              		.section	.text.jump_to_reset,"ax",%progbits
  21              		.align	1
  22              		.syntax unified
  23              		.thumb
  24              		.thumb_func
  26              	jump_to_reset:
  27              	.LVL0:
  28              	.LFB137:
   1:Core/Src/bootloader.c **** /*
   2:Core/Src/bootloader.c ****  * bootloader.c
   3:Core/Src/bootloader.c ****  *
   4:Core/Src/bootloader.c ****  *  Created on: Aug 30, 2025
   5:Core/Src/bootloader.c ****  *      Author: abend
   6:Core/Src/bootloader.c ****  *
   7:Core/Src/bootloader.c ****  *
   8:Core/Src/bootloader.c ****  *      Process:
   9:Core/Src/bootloader.c ****  *
  10:Core/Src/bootloader.c ****  *      1.) Click the Reset Button
  11:Core/Src/bootloader.c ****  *      2.) Fetches reads word 0 (32-bit value) at Flash memory (it is BOOT0=0 so the Vector Table 
  12:Core/Src/bootloader.c ****  *      this is the msp (Main Stack Pointer) which points to the top of the stack
  13:Core/Src/bootloader.c ****  *      3.) Then reads the second word (1) which stores the reset handler address, which sets clock
  14:Core/Src/bootloader.c ****  *      to SRAM, zero .bss, etc., then it runs the firmware img we uploaded or have at 0x8008000
  15:Core/Src/bootloader.c ****  *
  16:Core/Src/bootloader.c ****  */
  17:Core/Src/bootloader.c **** 
  18:Core/Src/bootloader.c **** #include <string.h>
  19:Core/Src/bootloader.c **** 
  20:Core/Src/bootloader.c **** #include "bootloader.h"
  21:Core/Src/bootloader.c **** #include "stm32f4xx_hal.h"
  22:Core/Src/bootloader.c **** 
  23:Core/Src/bootloader.c **** #include "usart.h"
  24:Core/Src/bootloader.c **** 
  25:Core/Src/bootloader.c **** extern UART_HandleTypeDef huart2;
  26:Core/Src/bootloader.c **** 
  27:Core/Src/bootloader.c **** static int __io_putchar(int ch)
  28:Core/Src/bootloader.c **** {
  29:Core/Src/bootloader.c ****     uint8_t c = (uint8_t)ch;
  30:Core/Src/bootloader.c ****     HAL_UART_Transmit(&huart2, &c, 1, HAL_MAX_DELAY);
ARM GAS  /tmp/ccEYOayA.s 			page 2


  31:Core/Src/bootloader.c ****     return ch;
  32:Core/Src/bootloader.c **** }
  33:Core/Src/bootloader.c **** 
  34:Core/Src/bootloader.c **** /*
  35:Core/Src/bootloader.c ****  * Erase a contiguous run of sectors.
  36:Core/Src/bootloader.c ****  *
  37:Core/Src/bootloader.c ****  * Do NOT call FLASH_Erase_Sector() directly. It is an internal HAL helper that
  38:Core/Src/bootloader.c ****  * only pokes FLASH_CR (SNB/SER/STRT) and returns immediately. It never waits
  39:Core/Src/bootloader.c ****  * for BSY to clear and never clears SER afterwards. Two consequences:
  40:Core/Src/bootloader.c ****  *
  41:Core/Src/bootloader.c ****  *   1) A second call lands while the first erase is still running. SNB is read
  42:Core/Src/bootloader.c ****  *      continuously by the flash controller, not latched at STRT, so clearing
  43:Core/Src/bootloader.c ****  *      SNB mid-erase retargets the running erase at sector 0 - the bootloader.
  44:Core/Src/bootloader.c ****  *   2) SER is left set, so the next HAL_FLASH_Program() runs with SER and PG
  45:Core/Src/bootloader.c ****  *      both set in FLASH_CR, which the reference manual forbids.
  46:Core/Src/bootloader.c ****  *
  47:Core/Src/bootloader.c ****  * HAL_FLASHEx_Erase() does the full protocol: wait, check flags, clear SER.
  48:Core/Src/bootloader.c ****  */
  49:Core/Src/bootloader.c **** HAL_StatusTypeDef flash_erase_sectors(uint32_t first_sector, uint32_t nb_sectors)
  50:Core/Src/bootloader.c **** {
  51:Core/Src/bootloader.c **** 	FLASH_EraseInitTypeDef erase = {0};
  52:Core/Src/bootloader.c **** 	uint32_t sector_err = 0xFFFFFFFFU;
  53:Core/Src/bootloader.c **** 
  54:Core/Src/bootloader.c **** 	erase.TypeErase    = FLASH_TYPEERASE_SECTORS;
  55:Core/Src/bootloader.c **** 	erase.VoltageRange = FLASH_VOLTAGE_RANGE_3;
  56:Core/Src/bootloader.c **** 	erase.Banks        = FLASH_BANK_1;
  57:Core/Src/bootloader.c **** 	erase.Sector       = first_sector;
  58:Core/Src/bootloader.c **** 	erase.NbSectors    = nb_sectors;
  59:Core/Src/bootloader.c **** 
  60:Core/Src/bootloader.c **** 	HAL_FLASH_Unlock();
  61:Core/Src/bootloader.c **** 
  62:Core/Src/bootloader.c **** 	__HAL_FLASH_CLEAR_FLAG(FLASH_FLAG_EOP    | FLASH_FLAG_OPERR  |
  63:Core/Src/bootloader.c **** 	                       FLASH_FLAG_WRPERR | FLASH_FLAG_PGAERR |
  64:Core/Src/bootloader.c **** 	                       FLASH_FLAG_PGSERR | FLASH_FLAG_PGPERR);
  65:Core/Src/bootloader.c **** 
  66:Core/Src/bootloader.c **** 	HAL_StatusTypeDef status = HAL_FLASHEx_Erase(&erase, &sector_err);
  67:Core/Src/bootloader.c **** 
  68:Core/Src/bootloader.c **** 	HAL_FLASH_Lock();
  69:Core/Src/bootloader.c **** 
  70:Core/Src/bootloader.c **** 	if (status != HAL_OK) {
  71:Core/Src/bootloader.c **** 		printf("erase failed at sector %lu err=0x%08lX\r\n",
  72:Core/Src/bootloader.c **** 		       (unsigned long)sector_err,
  73:Core/Src/bootloader.c **** 		       (unsigned long)HAL_FLASH_GetError());
  74:Core/Src/bootloader.c **** 	}
  75:Core/Src/bootloader.c **** 
  76:Core/Src/bootloader.c **** 	return status;
  77:Core/Src/bootloader.c **** }
  78:Core/Src/bootloader.c **** 
  79:Core/Src/bootloader.c **** /*
  80:Core/Src/bootloader.c ****  * Fetches the first value in the Vector Table, which is the Main Stack Pointer.
  81:Core/Src/bootloader.c ****  * Returns 1 if the MSP is the range of the correct SRAM region
  82:Core/Src/bootloader.c ****  */
  83:Core/Src/bootloader.c **** int IMG_valid(uint32_t addr){
  84:Core/Src/bootloader.c **** 	uint32_t msp = *((volatile uint32_t *) addr);
  85:Core/Src/bootloader.c **** 	printf("0x%08lx\n\r", msp);
  86:Core/Src/bootloader.c **** 	return (msp >= START_SRAM) && (msp <= END_SRAM);
  87:Core/Src/bootloader.c **** }
ARM GAS  /tmp/ccEYOayA.s 			page 3


  88:Core/Src/bootloader.c **** 
  89:Core/Src/bootloader.c **** /*
  90:Core/Src/bootloader.c ****  * Creates a function pointer to point to address of the reset handler.
  91:Core/Src/bootloader.c ****  * Then runs the Reset Handler, which switches to the image stored in section 1 of RAM
  92:Core/Src/bootloader.c ****  */
  93:Core/Src/bootloader.c **** __attribute__((noreturn)) static inline void jump_to_reset(uint32_t rh_addr){
  29              		.loc 1 93 77 view -0
  30              		.cfi_startproc
  31              		@ Volatile: function does not return.
  32              		@ args = 0, pretend = 0, frame = 0
  33              		@ frame_needed = 0, uses_anonymous_args = 0
  34              		.loc 1 93 77 is_stmt 0 view .LVU1
  35 0000 08B5     		push	{r3, lr}
  36              	.LCFI0:
  37              		.cfi_def_cfa_offset 8
  38              		.cfi_offset 3, -8
  39              		.cfi_offset 14, -4
  94:Core/Src/bootloader.c **** 
  95:Core/Src/bootloader.c **** 
  96:Core/Src/bootloader.c **** 	void (*reset_fn)(void) = (void(*)(void)) rh_addr;
  40              		.loc 1 96 2 is_stmt 1 view .LVU2
  41              	.LVL1:
  97:Core/Src/bootloader.c **** 	reset_fn();
  42              		.loc 1 97 2 view .LVU3
  43 0002 8047     		blx	r0
  44              	.LVL2:
  98:Core/Src/bootloader.c **** }
  45              		.loc 1 98 1 is_stmt 0 view .LVU4
  46 0004 FFDE     		.inst	0xdeff
  47              		.cfi_endproc
  48              	.LFE137:
  50              		.section	.rodata.flash_erase_sectors.str1.4,"aMS",%progbits,1
  51              		.align	2
  52              	.LC0:
  53 0000 65726173 		.ascii	"erase failed at sector %lu err=0x%08lX\015\012\000"
  53      65206661 
  53      696C6564 
  53      20617420 
  53      73656374 
  54              		.section	.text.flash_erase_sectors,"ax",%progbits
  55              		.align	1
  56              		.global	flash_erase_sectors
  57              		.syntax unified
  58              		.thumb
  59              		.thumb_func
  61              	flash_erase_sectors:
  62              	.LVL3:
  63              	.LFB135:
  50:Core/Src/bootloader.c **** 	FLASH_EraseInitTypeDef erase = {0};
  64              		.loc 1 50 1 is_stmt 1 view -0
  65              		.cfi_startproc
  66              		@ args = 0, pretend = 0, frame = 24
  67              		@ frame_needed = 0, uses_anonymous_args = 0
  50:Core/Src/bootloader.c **** 	FLASH_EraseInitTypeDef erase = {0};
  68              		.loc 1 50 1 is_stmt 0 view .LVU6
  69 0000 30B5     		push	{r4, r5, lr}
  70              	.LCFI1:
ARM GAS  /tmp/ccEYOayA.s 			page 4


  71              		.cfi_def_cfa_offset 12
  72              		.cfi_offset 4, -12
  73              		.cfi_offset 5, -8
  74              		.cfi_offset 14, -4
  75 0002 87B0     		sub	sp, sp, #28
  76              	.LCFI2:
  77              		.cfi_def_cfa_offset 40
  51:Core/Src/bootloader.c **** 	uint32_t sector_err = 0xFFFFFFFFU;
  78              		.loc 1 51 2 is_stmt 1 view .LVU7
  51:Core/Src/bootloader.c **** 	uint32_t sector_err = 0xFFFFFFFFU;
  79              		.loc 1 51 25 is_stmt 0 view .LVU8
  80 0004 0023     		movs	r3, #0
  81 0006 0193     		str	r3, [sp, #4]
  82 0008 0293     		str	r3, [sp, #8]
  83 000a 0393     		str	r3, [sp, #12]
  84 000c 0493     		str	r3, [sp, #16]
  85 000e 0593     		str	r3, [sp, #20]
  52:Core/Src/bootloader.c **** 
  86              		.loc 1 52 2 is_stmt 1 view .LVU9
  52:Core/Src/bootloader.c **** 
  87              		.loc 1 52 11 is_stmt 0 view .LVU10
  88 0010 4FF0FF33 		mov	r3, #-1
  89 0014 0093     		str	r3, [sp]
  54:Core/Src/bootloader.c **** 	erase.VoltageRange = FLASH_VOLTAGE_RANGE_3;
  90              		.loc 1 54 2 is_stmt 1 view .LVU11
  55:Core/Src/bootloader.c **** 	erase.Banks        = FLASH_BANK_1;
  91              		.loc 1 55 2 view .LVU12
  55:Core/Src/bootloader.c **** 	erase.Banks        = FLASH_BANK_1;
  92              		.loc 1 55 21 is_stmt 0 view .LVU13
  93 0016 0223     		movs	r3, #2
  94 0018 0593     		str	r3, [sp, #20]
  56:Core/Src/bootloader.c **** 	erase.Sector       = first_sector;
  95              		.loc 1 56 2 is_stmt 1 view .LVU14
  56:Core/Src/bootloader.c **** 	erase.Sector       = first_sector;
  96              		.loc 1 56 21 is_stmt 0 view .LVU15
  97 001a 0123     		movs	r3, #1
  98 001c 0293     		str	r3, [sp, #8]
  57:Core/Src/bootloader.c **** 	erase.NbSectors    = nb_sectors;
  99              		.loc 1 57 2 is_stmt 1 view .LVU16
  57:Core/Src/bootloader.c **** 	erase.NbSectors    = nb_sectors;
 100              		.loc 1 57 21 is_stmt 0 view .LVU17
 101 001e 0390     		str	r0, [sp, #12]
  58:Core/Src/bootloader.c **** 
 102              		.loc 1 58 2 is_stmt 1 view .LVU18
  58:Core/Src/bootloader.c **** 
 103              		.loc 1 58 21 is_stmt 0 view .LVU19
 104 0020 0491     		str	r1, [sp, #16]
  60:Core/Src/bootloader.c **** 
 105              		.loc 1 60 2 is_stmt 1 view .LVU20
 106 0022 FFF7FEFF 		bl	HAL_FLASH_Unlock
 107              	.LVL4:
  62:Core/Src/bootloader.c **** 	                       FLASH_FLAG_WRPERR | FLASH_FLAG_PGAERR |
 108              		.loc 1 62 2 view .LVU21
 109 0026 0B4B     		ldr	r3, .L7
 110 0028 F322     		movs	r2, #243
 111 002a DA60     		str	r2, [r3, #12]
  66:Core/Src/bootloader.c **** 
ARM GAS  /tmp/ccEYOayA.s 			page 5


 112              		.loc 1 66 2 view .LVU22
  66:Core/Src/bootloader.c **** 
 113              		.loc 1 66 29 is_stmt 0 view .LVU23
 114 002c 6946     		mov	r1, sp
 115 002e 01A8     		add	r0, sp, #4
 116 0030 FFF7FEFF 		bl	HAL_FLASHEx_Erase
 117              	.LVL5:
 118 0034 0446     		mov	r4, r0
 119              	.LVL6:
  68:Core/Src/bootloader.c **** 
 120              		.loc 1 68 2 is_stmt 1 view .LVU24
 121 0036 FFF7FEFF 		bl	HAL_FLASH_Lock
 122              	.LVL7:
  70:Core/Src/bootloader.c **** 		printf("erase failed at sector %lu err=0x%08lX\r\n",
 123              		.loc 1 70 2 view .LVU25
  70:Core/Src/bootloader.c **** 		printf("erase failed at sector %lu err=0x%08lX\r\n",
 124              		.loc 1 70 5 is_stmt 0 view .LVU26
 125 003a 14B9     		cbnz	r4, .L6
 126              	.L4:
  76:Core/Src/bootloader.c **** }
 127              		.loc 1 76 2 is_stmt 1 view .LVU27
  77:Core/Src/bootloader.c **** 
 128              		.loc 1 77 1 is_stmt 0 view .LVU28
 129 003c 2046     		mov	r0, r4
 130 003e 07B0     		add	sp, sp, #28
 131              	.LCFI3:
 132              		.cfi_remember_state
 133              		.cfi_def_cfa_offset 12
 134              		@ sp needed
 135 0040 30BD     		pop	{r4, r5, pc}
 136              	.LVL8:
 137              	.L6:
 138              	.LCFI4:
 139              		.cfi_restore_state
 140              	.LBB25:
  71:Core/Src/bootloader.c **** 		       (unsigned long)sector_err,
 141              		.loc 1 71 3 is_stmt 1 view .LVU29
 142 0042 009D     		ldr	r5, [sp]
  73:Core/Src/bootloader.c **** 	}
 143              		.loc 1 73 25 is_stmt 0 view .LVU30
 144 0044 FFF7FEFF 		bl	HAL_FLASH_GetError
 145              	.LVL9:
 146 0048 0246     		mov	r2, r0
  71:Core/Src/bootloader.c **** 		       (unsigned long)sector_err,
 147              		.loc 1 71 3 view .LVU31
 148 004a 2946     		mov	r1, r5
 149 004c 0248     		ldr	r0, .L7+4
 150 004e FFF7FEFF 		bl	printf
 151              	.LVL10:
 152 0052 F3E7     		b	.L4
 153              	.L8:
 154              		.align	2
 155              	.L7:
 156 0054 003C0240 		.word	1073888256
 157 0058 00000000 		.word	.LC0
 158              	.LBE25:
 159              		.cfi_endproc
ARM GAS  /tmp/ccEYOayA.s 			page 6


 160              	.LFE135:
 162              		.section	.rodata.IMG_valid.str1.4,"aMS",%progbits,1
 163              		.align	2
 164              	.LC1:
 165 0000 30782530 		.ascii	"0x%08lx\012\015\000"
 165      386C780A 
 165      0D00
 166              		.section	.text.IMG_valid,"ax",%progbits
 167              		.align	1
 168              		.global	IMG_valid
 169              		.syntax unified
 170              		.thumb
 171              		.thumb_func
 173              	IMG_valid:
 174              	.LVL11:
 175              	.LFB136:
  83:Core/Src/bootloader.c **** 	uint32_t msp = *((volatile uint32_t *) addr);
 176              		.loc 1 83 29 is_stmt 1 view -0
 177              		.cfi_startproc
 178              		@ args = 0, pretend = 0, frame = 0
 179              		@ frame_needed = 0, uses_anonymous_args = 0
  83:Core/Src/bootloader.c **** 	uint32_t msp = *((volatile uint32_t *) addr);
 180              		.loc 1 83 29 is_stmt 0 view .LVU33
 181 0000 10B5     		push	{r4, lr}
 182              	.LCFI5:
 183              		.cfi_def_cfa_offset 8
 184              		.cfi_offset 4, -8
 185              		.cfi_offset 14, -4
  84:Core/Src/bootloader.c **** 	printf("0x%08lx\n\r", msp);
 186              		.loc 1 84 2 is_stmt 1 view .LVU34
  84:Core/Src/bootloader.c **** 	printf("0x%08lx\n\r", msp);
 187              		.loc 1 84 11 is_stmt 0 view .LVU35
 188 0002 0468     		ldr	r4, [r0]
 189              	.LVL12:
  85:Core/Src/bootloader.c **** 	return (msp >= START_SRAM) && (msp <= END_SRAM);
 190              		.loc 1 85 2 is_stmt 1 view .LVU36
 191 0004 2146     		mov	r1, r4
 192 0006 0548     		ldr	r0, .L11
 193              	.LVL13:
  85:Core/Src/bootloader.c **** 	return (msp >= START_SRAM) && (msp <= END_SRAM);
 194              		.loc 1 85 2 is_stmt 0 view .LVU37
 195 0008 FFF7FEFF 		bl	printf
 196              	.LVL14:
  86:Core/Src/bootloader.c **** }
 197              		.loc 1 86 2 is_stmt 1 view .LVU38
  86:Core/Src/bootloader.c **** }
 198              		.loc 1 86 29 is_stmt 0 view .LVU39
 199 000c 04F16040 		add	r0, r4, #-536870912
  87:Core/Src/bootloader.c **** 
 200              		.loc 1 87 1 view .LVU40
 201 0010 B0F5C03F 		cmp	r0, #98304
 202 0014 8CBF     		ite	hi
 203 0016 0020     		movhi	r0, #0
 204 0018 0120     		movls	r0, #1
 205 001a 10BD     		pop	{r4, pc}
 206              	.LVL15:
 207              	.L12:
ARM GAS  /tmp/ccEYOayA.s 			page 7


  87:Core/Src/bootloader.c **** 
 208              		.loc 1 87 1 view .LVU41
 209              		.align	2
 210              	.L11:
 211 001c 00000000 		.word	.LC1
 212              		.cfi_endproc
 213              	.LFE136:
 215              		.section	.text.jmp_to_IMG,"ax",%progbits
 216              		.align	1
 217              		.global	jmp_to_IMG
 218              		.syntax unified
 219              		.thumb
 220              		.thumb_func
 222              	jmp_to_IMG:
 223              	.LVL16:
 224              	.LFB138:
  99:Core/Src/bootloader.c **** 
 100:Core/Src/bootloader.c **** /*
 101:Core/Src/bootloader.c ****  * Store the dereferenced type-casted macro where both the MSP and Reset Handler are stored in the 
 102:Core/Src/bootloader.c ****  * In order to switch, you have to disable any interrupts, SysTick, and peripherals
 103:Core/Src/bootloader.c ****  */
 104:Core/Src/bootloader.c **** void jmp_to_IMG(uint32_t addr){
 225              		.loc 1 104 31 is_stmt 1 view -0
 226              		.cfi_startproc
 227              		@ args = 0, pretend = 0, frame = 0
 228              		@ frame_needed = 0, uses_anonymous_args = 0
 229              		.loc 1 104 31 is_stmt 0 view .LVU43
 230 0000 F8B5     		push	{r3, r4, r5, r6, r7, lr}
 231              	.LCFI6:
 232              		.cfi_def_cfa_offset 24
 233              		.cfi_offset 3, -24
 234              		.cfi_offset 4, -20
 235              		.cfi_offset 5, -16
 236              		.cfi_offset 6, -12
 237              		.cfi_offset 7, -8
 238              		.cfi_offset 14, -4
 239 0002 0646     		mov	r6, r0
 105:Core/Src/bootloader.c **** 
 106:Core/Src/bootloader.c **** 
 107:Core/Src/bootloader.c **** 	uint32_t msp_addr  = *(uint32_t *) (addr + 0x00);
 240              		.loc 1 107 2 is_stmt 1 view .LVU44
 241              		.loc 1 107 11 is_stmt 0 view .LVU45
 242 0004 0568     		ldr	r5, [r0]
 243              	.LVL17:
 108:Core/Src/bootloader.c **** 	uint32_t reset_addr = *(uint32_t *) (addr + 0x04);
 244              		.loc 1 108 2 is_stmt 1 view .LVU46
 245              		.loc 1 108 11 is_stmt 0 view .LVU47
 246 0006 4468     		ldr	r4, [r0, #4]
 247              	.LVL18:
 109:Core/Src/bootloader.c **** 
 110:Core/Src/bootloader.c **** 	__disable_irq();
 248              		.loc 1 110 2 is_stmt 1 view .LVU48
 249              	.LBB26:
 250              	.LBI26:
 251              		.file 2 "Drivers/CMSIS/Include/cmsis_gcc.h"
   1:Drivers/CMSIS/Include/cmsis_gcc.h **** /**************************************************************************//**
   2:Drivers/CMSIS/Include/cmsis_gcc.h ****  * @file     cmsis_gcc.h
ARM GAS  /tmp/ccEYOayA.s 			page 8


   3:Drivers/CMSIS/Include/cmsis_gcc.h ****  * @brief    CMSIS compiler GCC header file
   4:Drivers/CMSIS/Include/cmsis_gcc.h ****  * @version  V5.4.1
   5:Drivers/CMSIS/Include/cmsis_gcc.h ****  * @date     27. May 2021
   6:Drivers/CMSIS/Include/cmsis_gcc.h ****  ******************************************************************************/
   7:Drivers/CMSIS/Include/cmsis_gcc.h **** /*
   8:Drivers/CMSIS/Include/cmsis_gcc.h ****  * Copyright (c) 2009-2021 Arm Limited. All rights reserved.
   9:Drivers/CMSIS/Include/cmsis_gcc.h ****  *
  10:Drivers/CMSIS/Include/cmsis_gcc.h ****  * SPDX-License-Identifier: Apache-2.0
  11:Drivers/CMSIS/Include/cmsis_gcc.h ****  *
  12:Drivers/CMSIS/Include/cmsis_gcc.h ****  * Licensed under the Apache License, Version 2.0 (the License); you may
  13:Drivers/CMSIS/Include/cmsis_gcc.h ****  * not use this file except in compliance with the License.
  14:Drivers/CMSIS/Include/cmsis_gcc.h ****  * You may obtain a copy of the License at
  15:Drivers/CMSIS/Include/cmsis_gcc.h ****  *
  16:Drivers/CMSIS/Include/cmsis_gcc.h ****  * www.apache.org/licenses/LICENSE-2.0
  17:Drivers/CMSIS/Include/cmsis_gcc.h ****  *
  18:Drivers/CMSIS/Include/cmsis_gcc.h ****  * Unless required by applicable law or agreed to in writing, software
  19:Drivers/CMSIS/Include/cmsis_gcc.h ****  * distributed under the License is distributed on an AS IS BASIS, WITHOUT
  20:Drivers/CMSIS/Include/cmsis_gcc.h ****  * WARRANTIES OR CONDITIONS OF ANY KIND, either express or implied.
  21:Drivers/CMSIS/Include/cmsis_gcc.h ****  * See the License for the specific language governing permissions and
  22:Drivers/CMSIS/Include/cmsis_gcc.h ****  * limitations under the License.
  23:Drivers/CMSIS/Include/cmsis_gcc.h ****  */
  24:Drivers/CMSIS/Include/cmsis_gcc.h **** 
  25:Drivers/CMSIS/Include/cmsis_gcc.h **** #ifndef __CMSIS_GCC_H
  26:Drivers/CMSIS/Include/cmsis_gcc.h **** #define __CMSIS_GCC_H
  27:Drivers/CMSIS/Include/cmsis_gcc.h **** 
  28:Drivers/CMSIS/Include/cmsis_gcc.h **** /* ignore some GCC warnings */
  29:Drivers/CMSIS/Include/cmsis_gcc.h **** #pragma GCC diagnostic push
  30:Drivers/CMSIS/Include/cmsis_gcc.h **** #pragma GCC diagnostic ignored "-Wsign-conversion"
  31:Drivers/CMSIS/Include/cmsis_gcc.h **** #pragma GCC diagnostic ignored "-Wconversion"
  32:Drivers/CMSIS/Include/cmsis_gcc.h **** #pragma GCC diagnostic ignored "-Wunused-parameter"
  33:Drivers/CMSIS/Include/cmsis_gcc.h **** 
  34:Drivers/CMSIS/Include/cmsis_gcc.h **** /* Fallback for __has_builtin */
  35:Drivers/CMSIS/Include/cmsis_gcc.h **** #ifndef __has_builtin
  36:Drivers/CMSIS/Include/cmsis_gcc.h ****   #define __has_builtin(x) (0)
  37:Drivers/CMSIS/Include/cmsis_gcc.h **** #endif
  38:Drivers/CMSIS/Include/cmsis_gcc.h **** 
  39:Drivers/CMSIS/Include/cmsis_gcc.h **** /* CMSIS compiler specific defines */
  40:Drivers/CMSIS/Include/cmsis_gcc.h **** #ifndef   __ASM
  41:Drivers/CMSIS/Include/cmsis_gcc.h ****   #define __ASM                                  __asm
  42:Drivers/CMSIS/Include/cmsis_gcc.h **** #endif
  43:Drivers/CMSIS/Include/cmsis_gcc.h **** #ifndef   __INLINE
  44:Drivers/CMSIS/Include/cmsis_gcc.h ****   #define __INLINE                               inline
  45:Drivers/CMSIS/Include/cmsis_gcc.h **** #endif
  46:Drivers/CMSIS/Include/cmsis_gcc.h **** #ifndef   __STATIC_INLINE
  47:Drivers/CMSIS/Include/cmsis_gcc.h ****   #define __STATIC_INLINE                        static inline
  48:Drivers/CMSIS/Include/cmsis_gcc.h **** #endif
  49:Drivers/CMSIS/Include/cmsis_gcc.h **** #ifndef   __STATIC_FORCEINLINE
  50:Drivers/CMSIS/Include/cmsis_gcc.h ****   #define __STATIC_FORCEINLINE                   __attribute__((always_inline)) static inline
  51:Drivers/CMSIS/Include/cmsis_gcc.h **** #endif
  52:Drivers/CMSIS/Include/cmsis_gcc.h **** #ifndef   __NO_RETURN
  53:Drivers/CMSIS/Include/cmsis_gcc.h ****   #define __NO_RETURN                            __attribute__((__noreturn__))
  54:Drivers/CMSIS/Include/cmsis_gcc.h **** #endif
  55:Drivers/CMSIS/Include/cmsis_gcc.h **** #ifndef   __USED
  56:Drivers/CMSIS/Include/cmsis_gcc.h ****   #define __USED                                 __attribute__((used))
  57:Drivers/CMSIS/Include/cmsis_gcc.h **** #endif
  58:Drivers/CMSIS/Include/cmsis_gcc.h **** #ifndef   __WEAK
  59:Drivers/CMSIS/Include/cmsis_gcc.h ****   #define __WEAK                                 __attribute__((weak))
ARM GAS  /tmp/ccEYOayA.s 			page 9


  60:Drivers/CMSIS/Include/cmsis_gcc.h **** #endif
  61:Drivers/CMSIS/Include/cmsis_gcc.h **** #ifndef   __PACKED
  62:Drivers/CMSIS/Include/cmsis_gcc.h ****   #define __PACKED                               __attribute__((packed, aligned(1)))
  63:Drivers/CMSIS/Include/cmsis_gcc.h **** #endif
  64:Drivers/CMSIS/Include/cmsis_gcc.h **** #ifndef   __PACKED_STRUCT
  65:Drivers/CMSIS/Include/cmsis_gcc.h ****   #define __PACKED_STRUCT                        struct __attribute__((packed, aligned(1)))
  66:Drivers/CMSIS/Include/cmsis_gcc.h **** #endif
  67:Drivers/CMSIS/Include/cmsis_gcc.h **** #ifndef   __PACKED_UNION
  68:Drivers/CMSIS/Include/cmsis_gcc.h ****   #define __PACKED_UNION                         union __attribute__((packed, aligned(1)))
  69:Drivers/CMSIS/Include/cmsis_gcc.h **** #endif
  70:Drivers/CMSIS/Include/cmsis_gcc.h **** #ifndef   __UNALIGNED_UINT32        /* deprecated */
  71:Drivers/CMSIS/Include/cmsis_gcc.h ****   #pragma GCC diagnostic push
  72:Drivers/CMSIS/Include/cmsis_gcc.h ****   #pragma GCC diagnostic ignored "-Wpacked"
  73:Drivers/CMSIS/Include/cmsis_gcc.h ****   #pragma GCC diagnostic ignored "-Wattributes"
  74:Drivers/CMSIS/Include/cmsis_gcc.h ****   struct __attribute__((packed)) T_UINT32 { uint32_t v; };
  75:Drivers/CMSIS/Include/cmsis_gcc.h ****   #pragma GCC diagnostic pop
  76:Drivers/CMSIS/Include/cmsis_gcc.h ****   #define __UNALIGNED_UINT32(x)                  (((struct T_UINT32 *)(x))->v)
  77:Drivers/CMSIS/Include/cmsis_gcc.h **** #endif
  78:Drivers/CMSIS/Include/cmsis_gcc.h **** #ifndef   __UNALIGNED_UINT16_WRITE
  79:Drivers/CMSIS/Include/cmsis_gcc.h ****   #pragma GCC diagnostic push
  80:Drivers/CMSIS/Include/cmsis_gcc.h ****   #pragma GCC diagnostic ignored "-Wpacked"
  81:Drivers/CMSIS/Include/cmsis_gcc.h ****   #pragma GCC diagnostic ignored "-Wattributes"
  82:Drivers/CMSIS/Include/cmsis_gcc.h ****   __PACKED_STRUCT T_UINT16_WRITE { uint16_t v; };
  83:Drivers/CMSIS/Include/cmsis_gcc.h ****   #pragma GCC diagnostic pop
  84:Drivers/CMSIS/Include/cmsis_gcc.h ****   #define __UNALIGNED_UINT16_WRITE(addr, val)    (void)((((struct T_UINT16_WRITE *)(void *)(addr))-
  85:Drivers/CMSIS/Include/cmsis_gcc.h **** #endif
  86:Drivers/CMSIS/Include/cmsis_gcc.h **** #ifndef   __UNALIGNED_UINT16_READ
  87:Drivers/CMSIS/Include/cmsis_gcc.h ****   #pragma GCC diagnostic push
  88:Drivers/CMSIS/Include/cmsis_gcc.h ****   #pragma GCC diagnostic ignored "-Wpacked"
  89:Drivers/CMSIS/Include/cmsis_gcc.h ****   #pragma GCC diagnostic ignored "-Wattributes"
  90:Drivers/CMSIS/Include/cmsis_gcc.h ****   __PACKED_STRUCT T_UINT16_READ { uint16_t v; };
  91:Drivers/CMSIS/Include/cmsis_gcc.h ****   #pragma GCC diagnostic pop
  92:Drivers/CMSIS/Include/cmsis_gcc.h ****   #define __UNALIGNED_UINT16_READ(addr)          (((const struct T_UINT16_READ *)(const void *)(add
  93:Drivers/CMSIS/Include/cmsis_gcc.h **** #endif
  94:Drivers/CMSIS/Include/cmsis_gcc.h **** #ifndef   __UNALIGNED_UINT32_WRITE
  95:Drivers/CMSIS/Include/cmsis_gcc.h ****   #pragma GCC diagnostic push
  96:Drivers/CMSIS/Include/cmsis_gcc.h ****   #pragma GCC diagnostic ignored "-Wpacked"
  97:Drivers/CMSIS/Include/cmsis_gcc.h ****   #pragma GCC diagnostic ignored "-Wattributes"
  98:Drivers/CMSIS/Include/cmsis_gcc.h ****   __PACKED_STRUCT T_UINT32_WRITE { uint32_t v; };
  99:Drivers/CMSIS/Include/cmsis_gcc.h ****   #pragma GCC diagnostic pop
 100:Drivers/CMSIS/Include/cmsis_gcc.h ****   #define __UNALIGNED_UINT32_WRITE(addr, val)    (void)((((struct T_UINT32_WRITE *)(void *)(addr))-
 101:Drivers/CMSIS/Include/cmsis_gcc.h **** #endif
 102:Drivers/CMSIS/Include/cmsis_gcc.h **** #ifndef   __UNALIGNED_UINT32_READ
 103:Drivers/CMSIS/Include/cmsis_gcc.h ****   #pragma GCC diagnostic push
 104:Drivers/CMSIS/Include/cmsis_gcc.h ****   #pragma GCC diagnostic ignored "-Wpacked"
 105:Drivers/CMSIS/Include/cmsis_gcc.h ****   #pragma GCC diagnostic ignored "-Wattributes"
 106:Drivers/CMSIS/Include/cmsis_gcc.h ****   __PACKED_STRUCT T_UINT32_READ { uint32_t v; };
 107:Drivers/CMSIS/Include/cmsis_gcc.h ****   #pragma GCC diagnostic pop
 108:Drivers/CMSIS/Include/cmsis_gcc.h ****   #define __UNALIGNED_UINT32_READ(addr)          (((const struct T_UINT32_READ *)(const void *)(add
 109:Drivers/CMSIS/Include/cmsis_gcc.h **** #endif
 110:Drivers/CMSIS/Include/cmsis_gcc.h **** #ifndef   __ALIGNED
 111:Drivers/CMSIS/Include/cmsis_gcc.h ****   #define __ALIGNED(x)                           __attribute__((aligned(x)))
 112:Drivers/CMSIS/Include/cmsis_gcc.h **** #endif
 113:Drivers/CMSIS/Include/cmsis_gcc.h **** #ifndef   __RESTRICT
 114:Drivers/CMSIS/Include/cmsis_gcc.h ****   #define __RESTRICT                             __restrict
 115:Drivers/CMSIS/Include/cmsis_gcc.h **** #endif
 116:Drivers/CMSIS/Include/cmsis_gcc.h **** #ifndef   __COMPILER_BARRIER
ARM GAS  /tmp/ccEYOayA.s 			page 10


 117:Drivers/CMSIS/Include/cmsis_gcc.h ****   #define __COMPILER_BARRIER()                   __ASM volatile("":::"memory")
 118:Drivers/CMSIS/Include/cmsis_gcc.h **** #endif
 119:Drivers/CMSIS/Include/cmsis_gcc.h **** 
 120:Drivers/CMSIS/Include/cmsis_gcc.h **** /* #########################  Startup and Lowlevel Init  ######################## */
 121:Drivers/CMSIS/Include/cmsis_gcc.h **** 
 122:Drivers/CMSIS/Include/cmsis_gcc.h **** #ifndef __PROGRAM_START
 123:Drivers/CMSIS/Include/cmsis_gcc.h **** 
 124:Drivers/CMSIS/Include/cmsis_gcc.h **** /**
 125:Drivers/CMSIS/Include/cmsis_gcc.h ****   \brief   Initializes data and bss sections
 126:Drivers/CMSIS/Include/cmsis_gcc.h ****   \details This default implementations initialized all data and additional bss
 127:Drivers/CMSIS/Include/cmsis_gcc.h ****            sections relying on .copy.table and .zero.table specified properly
 128:Drivers/CMSIS/Include/cmsis_gcc.h ****            in the used linker script.
 129:Drivers/CMSIS/Include/cmsis_gcc.h **** 
 130:Drivers/CMSIS/Include/cmsis_gcc.h ****  */
 131:Drivers/CMSIS/Include/cmsis_gcc.h **** __STATIC_FORCEINLINE __NO_RETURN void __cmsis_start(void)
 132:Drivers/CMSIS/Include/cmsis_gcc.h **** {
 133:Drivers/CMSIS/Include/cmsis_gcc.h ****   extern void _start(void) __NO_RETURN;
 134:Drivers/CMSIS/Include/cmsis_gcc.h **** 
 135:Drivers/CMSIS/Include/cmsis_gcc.h ****   typedef struct {
 136:Drivers/CMSIS/Include/cmsis_gcc.h ****     uint32_t const* src;
 137:Drivers/CMSIS/Include/cmsis_gcc.h ****     uint32_t* dest;
 138:Drivers/CMSIS/Include/cmsis_gcc.h ****     uint32_t  wlen;
 139:Drivers/CMSIS/Include/cmsis_gcc.h ****   } __copy_table_t;
 140:Drivers/CMSIS/Include/cmsis_gcc.h **** 
 141:Drivers/CMSIS/Include/cmsis_gcc.h ****   typedef struct {
 142:Drivers/CMSIS/Include/cmsis_gcc.h ****     uint32_t* dest;
 143:Drivers/CMSIS/Include/cmsis_gcc.h ****     uint32_t  wlen;
 144:Drivers/CMSIS/Include/cmsis_gcc.h ****   } __zero_table_t;
 145:Drivers/CMSIS/Include/cmsis_gcc.h **** 
 146:Drivers/CMSIS/Include/cmsis_gcc.h ****   extern const __copy_table_t __copy_table_start__;
 147:Drivers/CMSIS/Include/cmsis_gcc.h ****   extern const __copy_table_t __copy_table_end__;
 148:Drivers/CMSIS/Include/cmsis_gcc.h ****   extern const __zero_table_t __zero_table_start__;
 149:Drivers/CMSIS/Include/cmsis_gcc.h ****   extern const __zero_table_t __zero_table_end__;
 150:Drivers/CMSIS/Include/cmsis_gcc.h **** 
 151:Drivers/CMSIS/Include/cmsis_gcc.h ****   for (__copy_table_t const* pTable = &__copy_table_start__; pTable < &__copy_table_end__; ++pTable
 152:Drivers/CMSIS/Include/cmsis_gcc.h ****     for(uint32_t i=0u; i<pTable->wlen; ++i) {
 153:Drivers/CMSIS/Include/cmsis_gcc.h ****       pTable->dest[i] = pTable->src[i];
 154:Drivers/CMSIS/Include/cmsis_gcc.h ****     }
 155:Drivers/CMSIS/Include/cmsis_gcc.h ****   }
 156:Drivers/CMSIS/Include/cmsis_gcc.h **** 
 157:Drivers/CMSIS/Include/cmsis_gcc.h ****   for (__zero_table_t const* pTable = &__zero_table_start__; pTable < &__zero_table_end__; ++pTable
 158:Drivers/CMSIS/Include/cmsis_gcc.h ****     for(uint32_t i=0u; i<pTable->wlen; ++i) {
 159:Drivers/CMSIS/Include/cmsis_gcc.h ****       pTable->dest[i] = 0u;
 160:Drivers/CMSIS/Include/cmsis_gcc.h ****     }
 161:Drivers/CMSIS/Include/cmsis_gcc.h ****   }
 162:Drivers/CMSIS/Include/cmsis_gcc.h **** 
 163:Drivers/CMSIS/Include/cmsis_gcc.h ****   _start();
 164:Drivers/CMSIS/Include/cmsis_gcc.h **** }
 165:Drivers/CMSIS/Include/cmsis_gcc.h **** 
 166:Drivers/CMSIS/Include/cmsis_gcc.h **** #define __PROGRAM_START           __cmsis_start
 167:Drivers/CMSIS/Include/cmsis_gcc.h **** #endif
 168:Drivers/CMSIS/Include/cmsis_gcc.h **** 
 169:Drivers/CMSIS/Include/cmsis_gcc.h **** #ifndef __INITIAL_SP
 170:Drivers/CMSIS/Include/cmsis_gcc.h **** #define __INITIAL_SP              __StackTop
 171:Drivers/CMSIS/Include/cmsis_gcc.h **** #endif
 172:Drivers/CMSIS/Include/cmsis_gcc.h **** 
 173:Drivers/CMSIS/Include/cmsis_gcc.h **** #ifndef __STACK_LIMIT
ARM GAS  /tmp/ccEYOayA.s 			page 11


 174:Drivers/CMSIS/Include/cmsis_gcc.h **** #define __STACK_LIMIT             __StackLimit
 175:Drivers/CMSIS/Include/cmsis_gcc.h **** #endif
 176:Drivers/CMSIS/Include/cmsis_gcc.h **** 
 177:Drivers/CMSIS/Include/cmsis_gcc.h **** #ifndef __VECTOR_TABLE
 178:Drivers/CMSIS/Include/cmsis_gcc.h **** #define __VECTOR_TABLE            __Vectors
 179:Drivers/CMSIS/Include/cmsis_gcc.h **** #endif
 180:Drivers/CMSIS/Include/cmsis_gcc.h **** 
 181:Drivers/CMSIS/Include/cmsis_gcc.h **** #ifndef __VECTOR_TABLE_ATTRIBUTE
 182:Drivers/CMSIS/Include/cmsis_gcc.h **** #define __VECTOR_TABLE_ATTRIBUTE  __attribute__((used, section(".vectors")))
 183:Drivers/CMSIS/Include/cmsis_gcc.h **** #endif
 184:Drivers/CMSIS/Include/cmsis_gcc.h **** 
 185:Drivers/CMSIS/Include/cmsis_gcc.h **** #if defined (__ARM_FEATURE_CMSE) && (__ARM_FEATURE_CMSE == 3U)
 186:Drivers/CMSIS/Include/cmsis_gcc.h **** #ifndef __STACK_SEAL
 187:Drivers/CMSIS/Include/cmsis_gcc.h **** #define __STACK_SEAL              __StackSeal
 188:Drivers/CMSIS/Include/cmsis_gcc.h **** #endif
 189:Drivers/CMSIS/Include/cmsis_gcc.h **** 
 190:Drivers/CMSIS/Include/cmsis_gcc.h **** #ifndef __TZ_STACK_SEAL_SIZE
 191:Drivers/CMSIS/Include/cmsis_gcc.h **** #define __TZ_STACK_SEAL_SIZE      8U
 192:Drivers/CMSIS/Include/cmsis_gcc.h **** #endif
 193:Drivers/CMSIS/Include/cmsis_gcc.h **** 
 194:Drivers/CMSIS/Include/cmsis_gcc.h **** #ifndef __TZ_STACK_SEAL_VALUE
 195:Drivers/CMSIS/Include/cmsis_gcc.h **** #define __TZ_STACK_SEAL_VALUE     0xFEF5EDA5FEF5EDA5ULL
 196:Drivers/CMSIS/Include/cmsis_gcc.h **** #endif
 197:Drivers/CMSIS/Include/cmsis_gcc.h **** 
 198:Drivers/CMSIS/Include/cmsis_gcc.h **** 
 199:Drivers/CMSIS/Include/cmsis_gcc.h **** __STATIC_FORCEINLINE void __TZ_set_STACKSEAL_S (uint32_t* stackTop) {
 200:Drivers/CMSIS/Include/cmsis_gcc.h ****   *((uint64_t *)stackTop) = __TZ_STACK_SEAL_VALUE;
 201:Drivers/CMSIS/Include/cmsis_gcc.h **** }
 202:Drivers/CMSIS/Include/cmsis_gcc.h **** #endif
 203:Drivers/CMSIS/Include/cmsis_gcc.h **** 
 204:Drivers/CMSIS/Include/cmsis_gcc.h **** 
 205:Drivers/CMSIS/Include/cmsis_gcc.h **** /* ##########################  Core Instruction Access  ######################### */
 206:Drivers/CMSIS/Include/cmsis_gcc.h **** /** \defgroup CMSIS_Core_InstructionInterface CMSIS Core Instruction Interface
 207:Drivers/CMSIS/Include/cmsis_gcc.h ****   Access to dedicated instructions
 208:Drivers/CMSIS/Include/cmsis_gcc.h ****   @{
 209:Drivers/CMSIS/Include/cmsis_gcc.h **** */
 210:Drivers/CMSIS/Include/cmsis_gcc.h **** 
 211:Drivers/CMSIS/Include/cmsis_gcc.h **** /* Define macros for porting to both thumb1 and thumb2.
 212:Drivers/CMSIS/Include/cmsis_gcc.h ****  * For thumb1, use low register (r0-r7), specified by constraint "l"
 213:Drivers/CMSIS/Include/cmsis_gcc.h ****  * Otherwise, use general registers, specified by constraint "r" */
 214:Drivers/CMSIS/Include/cmsis_gcc.h **** #if defined (__thumb__) && !defined (__thumb2__)
 215:Drivers/CMSIS/Include/cmsis_gcc.h **** #define __CMSIS_GCC_OUT_REG(r) "=l" (r)
 216:Drivers/CMSIS/Include/cmsis_gcc.h **** #define __CMSIS_GCC_RW_REG(r) "+l" (r)
 217:Drivers/CMSIS/Include/cmsis_gcc.h **** #define __CMSIS_GCC_USE_REG(r) "l" (r)
 218:Drivers/CMSIS/Include/cmsis_gcc.h **** #else
 219:Drivers/CMSIS/Include/cmsis_gcc.h **** #define __CMSIS_GCC_OUT_REG(r) "=r" (r)
 220:Drivers/CMSIS/Include/cmsis_gcc.h **** #define __CMSIS_GCC_RW_REG(r) "+r" (r)
 221:Drivers/CMSIS/Include/cmsis_gcc.h **** #define __CMSIS_GCC_USE_REG(r) "r" (r)
 222:Drivers/CMSIS/Include/cmsis_gcc.h **** #endif
 223:Drivers/CMSIS/Include/cmsis_gcc.h **** 
 224:Drivers/CMSIS/Include/cmsis_gcc.h **** /**
 225:Drivers/CMSIS/Include/cmsis_gcc.h ****   \brief   No Operation
 226:Drivers/CMSIS/Include/cmsis_gcc.h ****   \details No Operation does nothing. This instruction can be used for code alignment purposes.
 227:Drivers/CMSIS/Include/cmsis_gcc.h ****  */
 228:Drivers/CMSIS/Include/cmsis_gcc.h **** #define __NOP()                             __ASM volatile ("nop")
 229:Drivers/CMSIS/Include/cmsis_gcc.h **** 
 230:Drivers/CMSIS/Include/cmsis_gcc.h **** /**
ARM GAS  /tmp/ccEYOayA.s 			page 12


 231:Drivers/CMSIS/Include/cmsis_gcc.h ****   \brief   Wait For Interrupt
 232:Drivers/CMSIS/Include/cmsis_gcc.h ****   \details Wait For Interrupt is a hint instruction that suspends execution until one of a number o
 233:Drivers/CMSIS/Include/cmsis_gcc.h ****  */
 234:Drivers/CMSIS/Include/cmsis_gcc.h **** #define __WFI()                             __ASM volatile ("wfi":::"memory")
 235:Drivers/CMSIS/Include/cmsis_gcc.h **** 
 236:Drivers/CMSIS/Include/cmsis_gcc.h **** 
 237:Drivers/CMSIS/Include/cmsis_gcc.h **** /**
 238:Drivers/CMSIS/Include/cmsis_gcc.h ****   \brief   Wait For Event
 239:Drivers/CMSIS/Include/cmsis_gcc.h ****   \details Wait For Event is a hint instruction that permits the processor to enter
 240:Drivers/CMSIS/Include/cmsis_gcc.h ****            a low-power state until one of a number of events occurs.
 241:Drivers/CMSIS/Include/cmsis_gcc.h ****  */
 242:Drivers/CMSIS/Include/cmsis_gcc.h **** #define __WFE()                             __ASM volatile ("wfe":::"memory")
 243:Drivers/CMSIS/Include/cmsis_gcc.h **** 
 244:Drivers/CMSIS/Include/cmsis_gcc.h **** 
 245:Drivers/CMSIS/Include/cmsis_gcc.h **** /**
 246:Drivers/CMSIS/Include/cmsis_gcc.h ****   \brief   Send Event
 247:Drivers/CMSIS/Include/cmsis_gcc.h ****   \details Send Event is a hint instruction. It causes an event to be signaled to the CPU.
 248:Drivers/CMSIS/Include/cmsis_gcc.h ****  */
 249:Drivers/CMSIS/Include/cmsis_gcc.h **** #define __SEV()                             __ASM volatile ("sev")
 250:Drivers/CMSIS/Include/cmsis_gcc.h **** 
 251:Drivers/CMSIS/Include/cmsis_gcc.h **** 
 252:Drivers/CMSIS/Include/cmsis_gcc.h **** /**
 253:Drivers/CMSIS/Include/cmsis_gcc.h ****   \brief   Instruction Synchronization Barrier
 254:Drivers/CMSIS/Include/cmsis_gcc.h ****   \details Instruction Synchronization Barrier flushes the pipeline in the processor,
 255:Drivers/CMSIS/Include/cmsis_gcc.h ****            so that all instructions following the ISB are fetched from cache or memory,
 256:Drivers/CMSIS/Include/cmsis_gcc.h ****            after the instruction has been completed.
 257:Drivers/CMSIS/Include/cmsis_gcc.h ****  */
 258:Drivers/CMSIS/Include/cmsis_gcc.h **** __STATIC_FORCEINLINE void __ISB(void)
 259:Drivers/CMSIS/Include/cmsis_gcc.h **** {
 260:Drivers/CMSIS/Include/cmsis_gcc.h ****   __ASM volatile ("isb 0xF":::"memory");
 261:Drivers/CMSIS/Include/cmsis_gcc.h **** }
 262:Drivers/CMSIS/Include/cmsis_gcc.h **** 
 263:Drivers/CMSIS/Include/cmsis_gcc.h **** 
 264:Drivers/CMSIS/Include/cmsis_gcc.h **** /**
 265:Drivers/CMSIS/Include/cmsis_gcc.h ****   \brief   Data Synchronization Barrier
 266:Drivers/CMSIS/Include/cmsis_gcc.h ****   \details Acts as a special kind of Data Memory Barrier.
 267:Drivers/CMSIS/Include/cmsis_gcc.h ****            It completes when all explicit memory accesses before this instruction complete.
 268:Drivers/CMSIS/Include/cmsis_gcc.h ****  */
 269:Drivers/CMSIS/Include/cmsis_gcc.h **** __STATIC_FORCEINLINE void __DSB(void)
 270:Drivers/CMSIS/Include/cmsis_gcc.h **** {
 271:Drivers/CMSIS/Include/cmsis_gcc.h ****   __ASM volatile ("dsb 0xF":::"memory");
 272:Drivers/CMSIS/Include/cmsis_gcc.h **** }
 273:Drivers/CMSIS/Include/cmsis_gcc.h **** 
 274:Drivers/CMSIS/Include/cmsis_gcc.h **** 
 275:Drivers/CMSIS/Include/cmsis_gcc.h **** /**
 276:Drivers/CMSIS/Include/cmsis_gcc.h ****   \brief   Data Memory Barrier
 277:Drivers/CMSIS/Include/cmsis_gcc.h ****   \details Ensures the apparent order of the explicit memory operations before
 278:Drivers/CMSIS/Include/cmsis_gcc.h ****            and after the instruction, without ensuring their completion.
 279:Drivers/CMSIS/Include/cmsis_gcc.h ****  */
 280:Drivers/CMSIS/Include/cmsis_gcc.h **** __STATIC_FORCEINLINE void __DMB(void)
 281:Drivers/CMSIS/Include/cmsis_gcc.h **** {
 282:Drivers/CMSIS/Include/cmsis_gcc.h ****   __ASM volatile ("dmb 0xF":::"memory");
 283:Drivers/CMSIS/Include/cmsis_gcc.h **** }
 284:Drivers/CMSIS/Include/cmsis_gcc.h **** 
 285:Drivers/CMSIS/Include/cmsis_gcc.h **** 
 286:Drivers/CMSIS/Include/cmsis_gcc.h **** /**
 287:Drivers/CMSIS/Include/cmsis_gcc.h ****   \brief   Reverse byte order (32 bit)
ARM GAS  /tmp/ccEYOayA.s 			page 13


 288:Drivers/CMSIS/Include/cmsis_gcc.h ****   \details Reverses the byte order in unsigned integer value. For example, 0x12345678 becomes 0x785
 289:Drivers/CMSIS/Include/cmsis_gcc.h ****   \param [in]    value  Value to reverse
 290:Drivers/CMSIS/Include/cmsis_gcc.h ****   \return               Reversed value
 291:Drivers/CMSIS/Include/cmsis_gcc.h ****  */
 292:Drivers/CMSIS/Include/cmsis_gcc.h **** __STATIC_FORCEINLINE uint32_t __REV(uint32_t value)
 293:Drivers/CMSIS/Include/cmsis_gcc.h **** {
 294:Drivers/CMSIS/Include/cmsis_gcc.h **** #if (__GNUC__ > 4) || (__GNUC__ == 4 && __GNUC_MINOR__ >= 5)
 295:Drivers/CMSIS/Include/cmsis_gcc.h ****   return __builtin_bswap32(value);
 296:Drivers/CMSIS/Include/cmsis_gcc.h **** #else
 297:Drivers/CMSIS/Include/cmsis_gcc.h ****   uint32_t result;
 298:Drivers/CMSIS/Include/cmsis_gcc.h **** 
 299:Drivers/CMSIS/Include/cmsis_gcc.h ****   __ASM ("rev %0, %1" : __CMSIS_GCC_OUT_REG (result) : __CMSIS_GCC_USE_REG (value) );
 300:Drivers/CMSIS/Include/cmsis_gcc.h ****   return result;
 301:Drivers/CMSIS/Include/cmsis_gcc.h **** #endif
 302:Drivers/CMSIS/Include/cmsis_gcc.h **** }
 303:Drivers/CMSIS/Include/cmsis_gcc.h **** 
 304:Drivers/CMSIS/Include/cmsis_gcc.h **** 
 305:Drivers/CMSIS/Include/cmsis_gcc.h **** /**
 306:Drivers/CMSIS/Include/cmsis_gcc.h ****   \brief   Reverse byte order (16 bit)
 307:Drivers/CMSIS/Include/cmsis_gcc.h ****   \details Reverses the byte order within each halfword of a word. For example, 0x12345678 becomes 
 308:Drivers/CMSIS/Include/cmsis_gcc.h ****   \param [in]    value  Value to reverse
 309:Drivers/CMSIS/Include/cmsis_gcc.h ****   \return               Reversed value
 310:Drivers/CMSIS/Include/cmsis_gcc.h ****  */
 311:Drivers/CMSIS/Include/cmsis_gcc.h **** __STATIC_FORCEINLINE uint32_t __REV16(uint32_t value)
 312:Drivers/CMSIS/Include/cmsis_gcc.h **** {
 313:Drivers/CMSIS/Include/cmsis_gcc.h ****   uint32_t result;
 314:Drivers/CMSIS/Include/cmsis_gcc.h **** 
 315:Drivers/CMSIS/Include/cmsis_gcc.h ****   __ASM ("rev16 %0, %1" : __CMSIS_GCC_OUT_REG (result) : __CMSIS_GCC_USE_REG (value) );
 316:Drivers/CMSIS/Include/cmsis_gcc.h ****   return result;
 317:Drivers/CMSIS/Include/cmsis_gcc.h **** }
 318:Drivers/CMSIS/Include/cmsis_gcc.h **** 
 319:Drivers/CMSIS/Include/cmsis_gcc.h **** 
 320:Drivers/CMSIS/Include/cmsis_gcc.h **** /**
 321:Drivers/CMSIS/Include/cmsis_gcc.h ****   \brief   Reverse byte order (16 bit)
 322:Drivers/CMSIS/Include/cmsis_gcc.h ****   \details Reverses the byte order in a 16-bit value and returns the signed 16-bit result. For exam
 323:Drivers/CMSIS/Include/cmsis_gcc.h ****   \param [in]    value  Value to reverse
 324:Drivers/CMSIS/Include/cmsis_gcc.h ****   \return               Reversed value
 325:Drivers/CMSIS/Include/cmsis_gcc.h ****  */
 326:Drivers/CMSIS/Include/cmsis_gcc.h **** __STATIC_FORCEINLINE int16_t __REVSH(int16_t value)
 327:Drivers/CMSIS/Include/cmsis_gcc.h **** {
 328:Drivers/CMSIS/Include/cmsis_gcc.h **** #if (__GNUC__ > 4) || (__GNUC__ == 4 && __GNUC_MINOR__ >= 8)
 329:Drivers/CMSIS/Include/cmsis_gcc.h ****   return (int16_t)__builtin_bswap16(value);
 330:Drivers/CMSIS/Include/cmsis_gcc.h **** #else
 331:Drivers/CMSIS/Include/cmsis_gcc.h ****   int16_t result;
 332:Drivers/CMSIS/Include/cmsis_gcc.h **** 
 333:Drivers/CMSIS/Include/cmsis_gcc.h ****   __ASM ("revsh %0, %1" : __CMSIS_GCC_OUT_REG (result) : __CMSIS_GCC_USE_REG (value) );
 334:Drivers/CMSIS/Include/cmsis_gcc.h ****   return result;
 335:Drivers/CMSIS/Include/cmsis_gcc.h **** #endif
 336:Drivers/CMSIS/Include/cmsis_gcc.h **** }
 337:Drivers/CMSIS/Include/cmsis_gcc.h **** 
 338:Drivers/CMSIS/Include/cmsis_gcc.h **** 
 339:Drivers/CMSIS/Include/cmsis_gcc.h **** /**
 340:Drivers/CMSIS/Include/cmsis_gcc.h ****   \brief   Rotate Right in unsigned value (32 bit)
 341:Drivers/CMSIS/Include/cmsis_gcc.h ****   \details Rotate Right (immediate) provides the value of the contents of a register rotated by a v
 342:Drivers/CMSIS/Include/cmsis_gcc.h ****   \param [in]    op1  Value to rotate
 343:Drivers/CMSIS/Include/cmsis_gcc.h ****   \param [in]    op2  Number of Bits to rotate
 344:Drivers/CMSIS/Include/cmsis_gcc.h ****   \return               Rotated value
ARM GAS  /tmp/ccEYOayA.s 			page 14


 345:Drivers/CMSIS/Include/cmsis_gcc.h ****  */
 346:Drivers/CMSIS/Include/cmsis_gcc.h **** __STATIC_FORCEINLINE uint32_t __ROR(uint32_t op1, uint32_t op2)
 347:Drivers/CMSIS/Include/cmsis_gcc.h **** {
 348:Drivers/CMSIS/Include/cmsis_gcc.h ****   op2 %= 32U;
 349:Drivers/CMSIS/Include/cmsis_gcc.h ****   if (op2 == 0U)
 350:Drivers/CMSIS/Include/cmsis_gcc.h ****   {
 351:Drivers/CMSIS/Include/cmsis_gcc.h ****     return op1;
 352:Drivers/CMSIS/Include/cmsis_gcc.h ****   }
 353:Drivers/CMSIS/Include/cmsis_gcc.h ****   return (op1 >> op2) | (op1 << (32U - op2));
 354:Drivers/CMSIS/Include/cmsis_gcc.h **** }
 355:Drivers/CMSIS/Include/cmsis_gcc.h **** 
 356:Drivers/CMSIS/Include/cmsis_gcc.h **** 
 357:Drivers/CMSIS/Include/cmsis_gcc.h **** /**
 358:Drivers/CMSIS/Include/cmsis_gcc.h ****   \brief   Breakpoint
 359:Drivers/CMSIS/Include/cmsis_gcc.h ****   \details Causes the processor to enter Debug state.
 360:Drivers/CMSIS/Include/cmsis_gcc.h ****            Debug tools can use this to investigate system state when the instruction at a particula
 361:Drivers/CMSIS/Include/cmsis_gcc.h ****   \param [in]    value  is ignored by the processor.
 362:Drivers/CMSIS/Include/cmsis_gcc.h ****                  If required, a debugger can use it to store additional information about the break
 363:Drivers/CMSIS/Include/cmsis_gcc.h ****  */
 364:Drivers/CMSIS/Include/cmsis_gcc.h **** #define __BKPT(value)                       __ASM volatile ("bkpt "#value)
 365:Drivers/CMSIS/Include/cmsis_gcc.h **** 
 366:Drivers/CMSIS/Include/cmsis_gcc.h **** 
 367:Drivers/CMSIS/Include/cmsis_gcc.h **** /**
 368:Drivers/CMSIS/Include/cmsis_gcc.h ****   \brief   Reverse bit order of value
 369:Drivers/CMSIS/Include/cmsis_gcc.h ****   \details Reverses the bit order of the given value.
 370:Drivers/CMSIS/Include/cmsis_gcc.h ****   \param [in]    value  Value to reverse
 371:Drivers/CMSIS/Include/cmsis_gcc.h ****   \return               Reversed value
 372:Drivers/CMSIS/Include/cmsis_gcc.h ****  */
 373:Drivers/CMSIS/Include/cmsis_gcc.h **** __STATIC_FORCEINLINE uint32_t __RBIT(uint32_t value)
 374:Drivers/CMSIS/Include/cmsis_gcc.h **** {
 375:Drivers/CMSIS/Include/cmsis_gcc.h ****   uint32_t result;
 376:Drivers/CMSIS/Include/cmsis_gcc.h **** 
 377:Drivers/CMSIS/Include/cmsis_gcc.h **** #if ((defined (__ARM_ARCH_7M__      ) && (__ARM_ARCH_7M__      == 1)) || \
 378:Drivers/CMSIS/Include/cmsis_gcc.h ****      (defined (__ARM_ARCH_7EM__     ) && (__ARM_ARCH_7EM__     == 1)) || \
 379:Drivers/CMSIS/Include/cmsis_gcc.h ****      (defined (__ARM_ARCH_8M_MAIN__ ) && (__ARM_ARCH_8M_MAIN__ == 1))    )
 380:Drivers/CMSIS/Include/cmsis_gcc.h ****    __ASM ("rbit %0, %1" : "=r" (result) : "r" (value) );
 381:Drivers/CMSIS/Include/cmsis_gcc.h **** #else
 382:Drivers/CMSIS/Include/cmsis_gcc.h ****   uint32_t s = (4U /*sizeof(v)*/ * 8U) - 1U; /* extra shift needed at end */
 383:Drivers/CMSIS/Include/cmsis_gcc.h **** 
 384:Drivers/CMSIS/Include/cmsis_gcc.h ****   result = value;                      /* r will be reversed bits of v; first get LSB of v */
 385:Drivers/CMSIS/Include/cmsis_gcc.h ****   for (value >>= 1U; value != 0U; value >>= 1U)
 386:Drivers/CMSIS/Include/cmsis_gcc.h ****   {
 387:Drivers/CMSIS/Include/cmsis_gcc.h ****     result <<= 1U;
 388:Drivers/CMSIS/Include/cmsis_gcc.h ****     result |= value & 1U;
 389:Drivers/CMSIS/Include/cmsis_gcc.h ****     s--;
 390:Drivers/CMSIS/Include/cmsis_gcc.h ****   }
 391:Drivers/CMSIS/Include/cmsis_gcc.h ****   result <<= s;                        /* shift when v's highest bits are zero */
 392:Drivers/CMSIS/Include/cmsis_gcc.h **** #endif
 393:Drivers/CMSIS/Include/cmsis_gcc.h ****   return result;
 394:Drivers/CMSIS/Include/cmsis_gcc.h **** }
 395:Drivers/CMSIS/Include/cmsis_gcc.h **** 
 396:Drivers/CMSIS/Include/cmsis_gcc.h **** 
 397:Drivers/CMSIS/Include/cmsis_gcc.h **** /**
 398:Drivers/CMSIS/Include/cmsis_gcc.h ****   \brief   Count leading zeros
 399:Drivers/CMSIS/Include/cmsis_gcc.h ****   \details Counts the number of leading zeros of a data value.
 400:Drivers/CMSIS/Include/cmsis_gcc.h ****   \param [in]  value  Value to count the leading zeros
 401:Drivers/CMSIS/Include/cmsis_gcc.h ****   \return             number of leading zeros in value
ARM GAS  /tmp/ccEYOayA.s 			page 15


 402:Drivers/CMSIS/Include/cmsis_gcc.h ****  */
 403:Drivers/CMSIS/Include/cmsis_gcc.h **** __STATIC_FORCEINLINE uint8_t __CLZ(uint32_t value)
 404:Drivers/CMSIS/Include/cmsis_gcc.h **** {
 405:Drivers/CMSIS/Include/cmsis_gcc.h ****   /* Even though __builtin_clz produces a CLZ instruction on ARM, formally
 406:Drivers/CMSIS/Include/cmsis_gcc.h ****      __builtin_clz(0) is undefined behaviour, so handle this case specially.
 407:Drivers/CMSIS/Include/cmsis_gcc.h ****      This guarantees ARM-compatible results if happening to compile on a non-ARM
 408:Drivers/CMSIS/Include/cmsis_gcc.h ****      target, and ensures the compiler doesn't decide to activate any
 409:Drivers/CMSIS/Include/cmsis_gcc.h ****      optimisations using the logic "value was passed to __builtin_clz, so it
 410:Drivers/CMSIS/Include/cmsis_gcc.h ****      is non-zero".
 411:Drivers/CMSIS/Include/cmsis_gcc.h ****      ARM GCC 7.3 and possibly earlier will optimise this test away, leaving a
 412:Drivers/CMSIS/Include/cmsis_gcc.h ****      single CLZ instruction.
 413:Drivers/CMSIS/Include/cmsis_gcc.h ****    */
 414:Drivers/CMSIS/Include/cmsis_gcc.h ****   if (value == 0U)
 415:Drivers/CMSIS/Include/cmsis_gcc.h ****   {
 416:Drivers/CMSIS/Include/cmsis_gcc.h ****     return 32U;
 417:Drivers/CMSIS/Include/cmsis_gcc.h ****   }
 418:Drivers/CMSIS/Include/cmsis_gcc.h ****   return __builtin_clz(value);
 419:Drivers/CMSIS/Include/cmsis_gcc.h **** }
 420:Drivers/CMSIS/Include/cmsis_gcc.h **** 
 421:Drivers/CMSIS/Include/cmsis_gcc.h **** 
 422:Drivers/CMSIS/Include/cmsis_gcc.h **** #if ((defined (__ARM_ARCH_7M__      ) && (__ARM_ARCH_7M__      == 1)) || \
 423:Drivers/CMSIS/Include/cmsis_gcc.h ****      (defined (__ARM_ARCH_7EM__     ) && (__ARM_ARCH_7EM__     == 1)) || \
 424:Drivers/CMSIS/Include/cmsis_gcc.h ****      (defined (__ARM_ARCH_8M_MAIN__ ) && (__ARM_ARCH_8M_MAIN__ == 1)) || \
 425:Drivers/CMSIS/Include/cmsis_gcc.h ****      (defined (__ARM_ARCH_8M_BASE__ ) && (__ARM_ARCH_8M_BASE__ == 1))    )
 426:Drivers/CMSIS/Include/cmsis_gcc.h **** /**
 427:Drivers/CMSIS/Include/cmsis_gcc.h ****   \brief   LDR Exclusive (8 bit)
 428:Drivers/CMSIS/Include/cmsis_gcc.h ****   \details Executes a exclusive LDR instruction for 8 bit value.
 429:Drivers/CMSIS/Include/cmsis_gcc.h ****   \param [in]    ptr  Pointer to data
 430:Drivers/CMSIS/Include/cmsis_gcc.h ****   \return             value of type uint8_t at (*ptr)
 431:Drivers/CMSIS/Include/cmsis_gcc.h ****  */
 432:Drivers/CMSIS/Include/cmsis_gcc.h **** __STATIC_FORCEINLINE uint8_t __LDREXB(volatile uint8_t *addr)
 433:Drivers/CMSIS/Include/cmsis_gcc.h **** {
 434:Drivers/CMSIS/Include/cmsis_gcc.h ****     uint32_t result;
 435:Drivers/CMSIS/Include/cmsis_gcc.h **** 
 436:Drivers/CMSIS/Include/cmsis_gcc.h **** #if (__GNUC__ > 4) || (__GNUC__ == 4 && __GNUC_MINOR__ >= 8)
 437:Drivers/CMSIS/Include/cmsis_gcc.h ****    __ASM volatile ("ldrexb %0, %1" : "=r" (result) : "Q" (*addr) );
 438:Drivers/CMSIS/Include/cmsis_gcc.h **** #else
 439:Drivers/CMSIS/Include/cmsis_gcc.h ****     /* Prior to GCC 4.8, "Q" will be expanded to [rx, #0] which is not
 440:Drivers/CMSIS/Include/cmsis_gcc.h ****        accepted by assembler. So has to use following less efficient pattern.
 441:Drivers/CMSIS/Include/cmsis_gcc.h ****     */
 442:Drivers/CMSIS/Include/cmsis_gcc.h ****    __ASM volatile ("ldrexb %0, [%1]" : "=r" (result) : "r" (addr) : "memory" );
 443:Drivers/CMSIS/Include/cmsis_gcc.h **** #endif
 444:Drivers/CMSIS/Include/cmsis_gcc.h ****    return ((uint8_t) result);    /* Add explicit type cast here */
 445:Drivers/CMSIS/Include/cmsis_gcc.h **** }
 446:Drivers/CMSIS/Include/cmsis_gcc.h **** 
 447:Drivers/CMSIS/Include/cmsis_gcc.h **** 
 448:Drivers/CMSIS/Include/cmsis_gcc.h **** /**
 449:Drivers/CMSIS/Include/cmsis_gcc.h ****   \brief   LDR Exclusive (16 bit)
 450:Drivers/CMSIS/Include/cmsis_gcc.h ****   \details Executes a exclusive LDR instruction for 16 bit values.
 451:Drivers/CMSIS/Include/cmsis_gcc.h ****   \param [in]    ptr  Pointer to data
 452:Drivers/CMSIS/Include/cmsis_gcc.h ****   \return        value of type uint16_t at (*ptr)
 453:Drivers/CMSIS/Include/cmsis_gcc.h ****  */
 454:Drivers/CMSIS/Include/cmsis_gcc.h **** __STATIC_FORCEINLINE uint16_t __LDREXH(volatile uint16_t *addr)
 455:Drivers/CMSIS/Include/cmsis_gcc.h **** {
 456:Drivers/CMSIS/Include/cmsis_gcc.h ****     uint32_t result;
 457:Drivers/CMSIS/Include/cmsis_gcc.h **** 
 458:Drivers/CMSIS/Include/cmsis_gcc.h **** #if (__GNUC__ > 4) || (__GNUC__ == 4 && __GNUC_MINOR__ >= 8)
ARM GAS  /tmp/ccEYOayA.s 			page 16


 459:Drivers/CMSIS/Include/cmsis_gcc.h ****    __ASM volatile ("ldrexh %0, %1" : "=r" (result) : "Q" (*addr) );
 460:Drivers/CMSIS/Include/cmsis_gcc.h **** #else
 461:Drivers/CMSIS/Include/cmsis_gcc.h ****     /* Prior to GCC 4.8, "Q" will be expanded to [rx, #0] which is not
 462:Drivers/CMSIS/Include/cmsis_gcc.h ****        accepted by assembler. So has to use following less efficient pattern.
 463:Drivers/CMSIS/Include/cmsis_gcc.h ****     */
 464:Drivers/CMSIS/Include/cmsis_gcc.h ****    __ASM volatile ("ldrexh %0, [%1]" : "=r" (result) : "r" (addr) : "memory" );
 465:Drivers/CMSIS/Include/cmsis_gcc.h **** #endif
 466:Drivers/CMSIS/Include/cmsis_gcc.h ****    return ((uint16_t) result);    /* Add explicit type cast here */
 467:Drivers/CMSIS/Include/cmsis_gcc.h **** }
 468:Drivers/CMSIS/Include/cmsis_gcc.h **** 
 469:Drivers/CMSIS/Include/cmsis_gcc.h **** 
 470:Drivers/CMSIS/Include/cmsis_gcc.h **** /**
 471:Drivers/CMSIS/Include/cmsis_gcc.h ****   \brief   LDR Exclusive (32 bit)
 472:Drivers/CMSIS/Include/cmsis_gcc.h ****   \details Executes a exclusive LDR instruction for 32 bit values.
 473:Drivers/CMSIS/Include/cmsis_gcc.h ****   \param [in]    ptr  Pointer to data
 474:Drivers/CMSIS/Include/cmsis_gcc.h ****   \return        value of type uint32_t at (*ptr)
 475:Drivers/CMSIS/Include/cmsis_gcc.h ****  */
 476:Drivers/CMSIS/Include/cmsis_gcc.h **** __STATIC_FORCEINLINE uint32_t __LDREXW(volatile uint32_t *addr)
 477:Drivers/CMSIS/Include/cmsis_gcc.h **** {
 478:Drivers/CMSIS/Include/cmsis_gcc.h ****     uint32_t result;
 479:Drivers/CMSIS/Include/cmsis_gcc.h **** 
 480:Drivers/CMSIS/Include/cmsis_gcc.h ****    __ASM volatile ("ldrex %0, %1" : "=r" (result) : "Q" (*addr) );
 481:Drivers/CMSIS/Include/cmsis_gcc.h ****    return(result);
 482:Drivers/CMSIS/Include/cmsis_gcc.h **** }
 483:Drivers/CMSIS/Include/cmsis_gcc.h **** 
 484:Drivers/CMSIS/Include/cmsis_gcc.h **** 
 485:Drivers/CMSIS/Include/cmsis_gcc.h **** /**
 486:Drivers/CMSIS/Include/cmsis_gcc.h ****   \brief   STR Exclusive (8 bit)
 487:Drivers/CMSIS/Include/cmsis_gcc.h ****   \details Executes a exclusive STR instruction for 8 bit values.
 488:Drivers/CMSIS/Include/cmsis_gcc.h ****   \param [in]  value  Value to store
 489:Drivers/CMSIS/Include/cmsis_gcc.h ****   \param [in]    ptr  Pointer to location
 490:Drivers/CMSIS/Include/cmsis_gcc.h ****   \return          0  Function succeeded
 491:Drivers/CMSIS/Include/cmsis_gcc.h ****   \return          1  Function failed
 492:Drivers/CMSIS/Include/cmsis_gcc.h ****  */
 493:Drivers/CMSIS/Include/cmsis_gcc.h **** __STATIC_FORCEINLINE uint32_t __STREXB(uint8_t value, volatile uint8_t *addr)
 494:Drivers/CMSIS/Include/cmsis_gcc.h **** {
 495:Drivers/CMSIS/Include/cmsis_gcc.h ****    uint32_t result;
 496:Drivers/CMSIS/Include/cmsis_gcc.h **** 
 497:Drivers/CMSIS/Include/cmsis_gcc.h ****    __ASM volatile ("strexb %0, %2, %1" : "=&r" (result), "=Q" (*addr) : "r" ((uint32_t)value) );
 498:Drivers/CMSIS/Include/cmsis_gcc.h ****    return(result);
 499:Drivers/CMSIS/Include/cmsis_gcc.h **** }
 500:Drivers/CMSIS/Include/cmsis_gcc.h **** 
 501:Drivers/CMSIS/Include/cmsis_gcc.h **** 
 502:Drivers/CMSIS/Include/cmsis_gcc.h **** /**
 503:Drivers/CMSIS/Include/cmsis_gcc.h ****   \brief   STR Exclusive (16 bit)
 504:Drivers/CMSIS/Include/cmsis_gcc.h ****   \details Executes a exclusive STR instruction for 16 bit values.
 505:Drivers/CMSIS/Include/cmsis_gcc.h ****   \param [in]  value  Value to store
 506:Drivers/CMSIS/Include/cmsis_gcc.h ****   \param [in]    ptr  Pointer to location
 507:Drivers/CMSIS/Include/cmsis_gcc.h ****   \return          0  Function succeeded
 508:Drivers/CMSIS/Include/cmsis_gcc.h ****   \return          1  Function failed
 509:Drivers/CMSIS/Include/cmsis_gcc.h ****  */
 510:Drivers/CMSIS/Include/cmsis_gcc.h **** __STATIC_FORCEINLINE uint32_t __STREXH(uint16_t value, volatile uint16_t *addr)
 511:Drivers/CMSIS/Include/cmsis_gcc.h **** {
 512:Drivers/CMSIS/Include/cmsis_gcc.h ****    uint32_t result;
 513:Drivers/CMSIS/Include/cmsis_gcc.h **** 
 514:Drivers/CMSIS/Include/cmsis_gcc.h ****    __ASM volatile ("strexh %0, %2, %1" : "=&r" (result), "=Q" (*addr) : "r" ((uint32_t)value) );
 515:Drivers/CMSIS/Include/cmsis_gcc.h ****    return(result);
ARM GAS  /tmp/ccEYOayA.s 			page 17


 516:Drivers/CMSIS/Include/cmsis_gcc.h **** }
 517:Drivers/CMSIS/Include/cmsis_gcc.h **** 
 518:Drivers/CMSIS/Include/cmsis_gcc.h **** 
 519:Drivers/CMSIS/Include/cmsis_gcc.h **** /**
 520:Drivers/CMSIS/Include/cmsis_gcc.h ****   \brief   STR Exclusive (32 bit)
 521:Drivers/CMSIS/Include/cmsis_gcc.h ****   \details Executes a exclusive STR instruction for 32 bit values.
 522:Drivers/CMSIS/Include/cmsis_gcc.h ****   \param [in]  value  Value to store
 523:Drivers/CMSIS/Include/cmsis_gcc.h ****   \param [in]    ptr  Pointer to location
 524:Drivers/CMSIS/Include/cmsis_gcc.h ****   \return          0  Function succeeded
 525:Drivers/CMSIS/Include/cmsis_gcc.h ****   \return          1  Function failed
 526:Drivers/CMSIS/Include/cmsis_gcc.h ****  */
 527:Drivers/CMSIS/Include/cmsis_gcc.h **** __STATIC_FORCEINLINE uint32_t __STREXW(uint32_t value, volatile uint32_t *addr)
 528:Drivers/CMSIS/Include/cmsis_gcc.h **** {
 529:Drivers/CMSIS/Include/cmsis_gcc.h ****    uint32_t result;
 530:Drivers/CMSIS/Include/cmsis_gcc.h **** 
 531:Drivers/CMSIS/Include/cmsis_gcc.h ****    __ASM volatile ("strex %0, %2, %1" : "=&r" (result), "=Q" (*addr) : "r" (value) );
 532:Drivers/CMSIS/Include/cmsis_gcc.h ****    return(result);
 533:Drivers/CMSIS/Include/cmsis_gcc.h **** }
 534:Drivers/CMSIS/Include/cmsis_gcc.h **** 
 535:Drivers/CMSIS/Include/cmsis_gcc.h **** 
 536:Drivers/CMSIS/Include/cmsis_gcc.h **** /**
 537:Drivers/CMSIS/Include/cmsis_gcc.h ****   \brief   Remove the exclusive lock
 538:Drivers/CMSIS/Include/cmsis_gcc.h ****   \details Removes the exclusive lock which is created by LDREX.
 539:Drivers/CMSIS/Include/cmsis_gcc.h ****  */
 540:Drivers/CMSIS/Include/cmsis_gcc.h **** __STATIC_FORCEINLINE void __CLREX(void)
 541:Drivers/CMSIS/Include/cmsis_gcc.h **** {
 542:Drivers/CMSIS/Include/cmsis_gcc.h ****   __ASM volatile ("clrex" ::: "memory");
 543:Drivers/CMSIS/Include/cmsis_gcc.h **** }
 544:Drivers/CMSIS/Include/cmsis_gcc.h **** 
 545:Drivers/CMSIS/Include/cmsis_gcc.h **** #endif /* ((defined (__ARM_ARCH_7M__      ) && (__ARM_ARCH_7M__      == 1)) || \
 546:Drivers/CMSIS/Include/cmsis_gcc.h ****            (defined (__ARM_ARCH_7EM__     ) && (__ARM_ARCH_7EM__     == 1)) || \
 547:Drivers/CMSIS/Include/cmsis_gcc.h ****            (defined (__ARM_ARCH_8M_MAIN__ ) && (__ARM_ARCH_8M_MAIN__ == 1)) || \
 548:Drivers/CMSIS/Include/cmsis_gcc.h ****            (defined (__ARM_ARCH_8M_BASE__ ) && (__ARM_ARCH_8M_BASE__ == 1))    ) */
 549:Drivers/CMSIS/Include/cmsis_gcc.h **** 
 550:Drivers/CMSIS/Include/cmsis_gcc.h **** 
 551:Drivers/CMSIS/Include/cmsis_gcc.h **** #if ((defined (__ARM_ARCH_7M__      ) && (__ARM_ARCH_7M__      == 1)) || \
 552:Drivers/CMSIS/Include/cmsis_gcc.h ****      (defined (__ARM_ARCH_7EM__     ) && (__ARM_ARCH_7EM__     == 1)) || \
 553:Drivers/CMSIS/Include/cmsis_gcc.h ****      (defined (__ARM_ARCH_8M_MAIN__ ) && (__ARM_ARCH_8M_MAIN__ == 1))    )
 554:Drivers/CMSIS/Include/cmsis_gcc.h **** /**
 555:Drivers/CMSIS/Include/cmsis_gcc.h ****   \brief   Signed Saturate
 556:Drivers/CMSIS/Include/cmsis_gcc.h ****   \details Saturates a signed value.
 557:Drivers/CMSIS/Include/cmsis_gcc.h ****   \param [in]  ARG1  Value to be saturated
 558:Drivers/CMSIS/Include/cmsis_gcc.h ****   \param [in]  ARG2  Bit position to saturate to (1..32)
 559:Drivers/CMSIS/Include/cmsis_gcc.h ****   \return             Saturated value
 560:Drivers/CMSIS/Include/cmsis_gcc.h ****  */
 561:Drivers/CMSIS/Include/cmsis_gcc.h **** #define __SSAT(ARG1, ARG2) \
 562:Drivers/CMSIS/Include/cmsis_gcc.h **** __extension__ \
 563:Drivers/CMSIS/Include/cmsis_gcc.h **** ({                          \
 564:Drivers/CMSIS/Include/cmsis_gcc.h ****   int32_t __RES, __ARG1 = (ARG1); \
 565:Drivers/CMSIS/Include/cmsis_gcc.h ****   __ASM volatile ("ssat %0, %1, %2" : "=r" (__RES) :  "I" (ARG2), "r" (__ARG1) : "cc" ); \
 566:Drivers/CMSIS/Include/cmsis_gcc.h ****   __RES; \
 567:Drivers/CMSIS/Include/cmsis_gcc.h ****  })
 568:Drivers/CMSIS/Include/cmsis_gcc.h **** 
 569:Drivers/CMSIS/Include/cmsis_gcc.h **** 
 570:Drivers/CMSIS/Include/cmsis_gcc.h **** /**
 571:Drivers/CMSIS/Include/cmsis_gcc.h ****   \brief   Unsigned Saturate
 572:Drivers/CMSIS/Include/cmsis_gcc.h ****   \details Saturates an unsigned value.
ARM GAS  /tmp/ccEYOayA.s 			page 18


 573:Drivers/CMSIS/Include/cmsis_gcc.h ****   \param [in]  ARG1  Value to be saturated
 574:Drivers/CMSIS/Include/cmsis_gcc.h ****   \param [in]  ARG2  Bit position to saturate to (0..31)
 575:Drivers/CMSIS/Include/cmsis_gcc.h ****   \return             Saturated value
 576:Drivers/CMSIS/Include/cmsis_gcc.h ****  */
 577:Drivers/CMSIS/Include/cmsis_gcc.h **** #define __USAT(ARG1, ARG2) \
 578:Drivers/CMSIS/Include/cmsis_gcc.h **** __extension__ \
 579:Drivers/CMSIS/Include/cmsis_gcc.h **** ({                          \
 580:Drivers/CMSIS/Include/cmsis_gcc.h ****   uint32_t __RES, __ARG1 = (ARG1); \
 581:Drivers/CMSIS/Include/cmsis_gcc.h ****   __ASM volatile ("usat %0, %1, %2" : "=r" (__RES) :  "I" (ARG2), "r" (__ARG1) : "cc" ); \
 582:Drivers/CMSIS/Include/cmsis_gcc.h ****   __RES; \
 583:Drivers/CMSIS/Include/cmsis_gcc.h ****  })
 584:Drivers/CMSIS/Include/cmsis_gcc.h **** 
 585:Drivers/CMSIS/Include/cmsis_gcc.h **** 
 586:Drivers/CMSIS/Include/cmsis_gcc.h **** /**
 587:Drivers/CMSIS/Include/cmsis_gcc.h ****   \brief   Rotate Right with Extend (32 bit)
 588:Drivers/CMSIS/Include/cmsis_gcc.h ****   \details Moves each bit of a bitstring right by one bit.
 589:Drivers/CMSIS/Include/cmsis_gcc.h ****            The carry input is shifted in at the left end of the bitstring.
 590:Drivers/CMSIS/Include/cmsis_gcc.h ****   \param [in]    value  Value to rotate
 591:Drivers/CMSIS/Include/cmsis_gcc.h ****   \return               Rotated value
 592:Drivers/CMSIS/Include/cmsis_gcc.h ****  */
 593:Drivers/CMSIS/Include/cmsis_gcc.h **** __STATIC_FORCEINLINE uint32_t __RRX(uint32_t value)
 594:Drivers/CMSIS/Include/cmsis_gcc.h **** {
 595:Drivers/CMSIS/Include/cmsis_gcc.h ****   uint32_t result;
 596:Drivers/CMSIS/Include/cmsis_gcc.h **** 
 597:Drivers/CMSIS/Include/cmsis_gcc.h ****   __ASM volatile ("rrx %0, %1" : __CMSIS_GCC_OUT_REG (result) : __CMSIS_GCC_USE_REG (value) );
 598:Drivers/CMSIS/Include/cmsis_gcc.h ****   return(result);
 599:Drivers/CMSIS/Include/cmsis_gcc.h **** }
 600:Drivers/CMSIS/Include/cmsis_gcc.h **** 
 601:Drivers/CMSIS/Include/cmsis_gcc.h **** 
 602:Drivers/CMSIS/Include/cmsis_gcc.h **** /**
 603:Drivers/CMSIS/Include/cmsis_gcc.h ****   \brief   LDRT Unprivileged (8 bit)
 604:Drivers/CMSIS/Include/cmsis_gcc.h ****   \details Executes a Unprivileged LDRT instruction for 8 bit value.
 605:Drivers/CMSIS/Include/cmsis_gcc.h ****   \param [in]    ptr  Pointer to data
 606:Drivers/CMSIS/Include/cmsis_gcc.h ****   \return             value of type uint8_t at (*ptr)
 607:Drivers/CMSIS/Include/cmsis_gcc.h ****  */
 608:Drivers/CMSIS/Include/cmsis_gcc.h **** __STATIC_FORCEINLINE uint8_t __LDRBT(volatile uint8_t *ptr)
 609:Drivers/CMSIS/Include/cmsis_gcc.h **** {
 610:Drivers/CMSIS/Include/cmsis_gcc.h ****     uint32_t result;
 611:Drivers/CMSIS/Include/cmsis_gcc.h **** 
 612:Drivers/CMSIS/Include/cmsis_gcc.h **** #if (__GNUC__ > 4) || (__GNUC__ == 4 && __GNUC_MINOR__ >= 8)
 613:Drivers/CMSIS/Include/cmsis_gcc.h ****    __ASM volatile ("ldrbt %0, %1" : "=r" (result) : "Q" (*ptr) );
 614:Drivers/CMSIS/Include/cmsis_gcc.h **** #else
 615:Drivers/CMSIS/Include/cmsis_gcc.h ****     /* Prior to GCC 4.8, "Q" will be expanded to [rx, #0] which is not
 616:Drivers/CMSIS/Include/cmsis_gcc.h ****        accepted by assembler. So has to use following less efficient pattern.
 617:Drivers/CMSIS/Include/cmsis_gcc.h ****     */
 618:Drivers/CMSIS/Include/cmsis_gcc.h ****    __ASM volatile ("ldrbt %0, [%1]" : "=r" (result) : "r" (ptr) : "memory" );
 619:Drivers/CMSIS/Include/cmsis_gcc.h **** #endif
 620:Drivers/CMSIS/Include/cmsis_gcc.h ****    return ((uint8_t) result);    /* Add explicit type cast here */
 621:Drivers/CMSIS/Include/cmsis_gcc.h **** }
 622:Drivers/CMSIS/Include/cmsis_gcc.h **** 
 623:Drivers/CMSIS/Include/cmsis_gcc.h **** 
 624:Drivers/CMSIS/Include/cmsis_gcc.h **** /**
 625:Drivers/CMSIS/Include/cmsis_gcc.h ****   \brief   LDRT Unprivileged (16 bit)
 626:Drivers/CMSIS/Include/cmsis_gcc.h ****   \details Executes a Unprivileged LDRT instruction for 16 bit values.
 627:Drivers/CMSIS/Include/cmsis_gcc.h ****   \param [in]    ptr  Pointer to data
 628:Drivers/CMSIS/Include/cmsis_gcc.h ****   \return        value of type uint16_t at (*ptr)
 629:Drivers/CMSIS/Include/cmsis_gcc.h ****  */
ARM GAS  /tmp/ccEYOayA.s 			page 19


 630:Drivers/CMSIS/Include/cmsis_gcc.h **** __STATIC_FORCEINLINE uint16_t __LDRHT(volatile uint16_t *ptr)
 631:Drivers/CMSIS/Include/cmsis_gcc.h **** {
 632:Drivers/CMSIS/Include/cmsis_gcc.h ****     uint32_t result;
 633:Drivers/CMSIS/Include/cmsis_gcc.h **** 
 634:Drivers/CMSIS/Include/cmsis_gcc.h **** #if (__GNUC__ > 4) || (__GNUC__ == 4 && __GNUC_MINOR__ >= 8)
 635:Drivers/CMSIS/Include/cmsis_gcc.h ****    __ASM volatile ("ldrht %0, %1" : "=r" (result) : "Q" (*ptr) );
 636:Drivers/CMSIS/Include/cmsis_gcc.h **** #else
 637:Drivers/CMSIS/Include/cmsis_gcc.h ****     /* Prior to GCC 4.8, "Q" will be expanded to [rx, #0] which is not
 638:Drivers/CMSIS/Include/cmsis_gcc.h ****        accepted by assembler. So has to use following less efficient pattern.
 639:Drivers/CMSIS/Include/cmsis_gcc.h ****     */
 640:Drivers/CMSIS/Include/cmsis_gcc.h ****    __ASM volatile ("ldrht %0, [%1]" : "=r" (result) : "r" (ptr) : "memory" );
 641:Drivers/CMSIS/Include/cmsis_gcc.h **** #endif
 642:Drivers/CMSIS/Include/cmsis_gcc.h ****    return ((uint16_t) result);    /* Add explicit type cast here */
 643:Drivers/CMSIS/Include/cmsis_gcc.h **** }
 644:Drivers/CMSIS/Include/cmsis_gcc.h **** 
 645:Drivers/CMSIS/Include/cmsis_gcc.h **** 
 646:Drivers/CMSIS/Include/cmsis_gcc.h **** /**
 647:Drivers/CMSIS/Include/cmsis_gcc.h ****   \brief   LDRT Unprivileged (32 bit)
 648:Drivers/CMSIS/Include/cmsis_gcc.h ****   \details Executes a Unprivileged LDRT instruction for 32 bit values.
 649:Drivers/CMSIS/Include/cmsis_gcc.h ****   \param [in]    ptr  Pointer to data
 650:Drivers/CMSIS/Include/cmsis_gcc.h ****   \return        value of type uint32_t at (*ptr)
 651:Drivers/CMSIS/Include/cmsis_gcc.h ****  */
 652:Drivers/CMSIS/Include/cmsis_gcc.h **** __STATIC_FORCEINLINE uint32_t __LDRT(volatile uint32_t *ptr)
 653:Drivers/CMSIS/Include/cmsis_gcc.h **** {
 654:Drivers/CMSIS/Include/cmsis_gcc.h ****     uint32_t result;
 655:Drivers/CMSIS/Include/cmsis_gcc.h **** 
 656:Drivers/CMSIS/Include/cmsis_gcc.h ****    __ASM volatile ("ldrt %0, %1" : "=r" (result) : "Q" (*ptr) );
 657:Drivers/CMSIS/Include/cmsis_gcc.h ****    return(result);
 658:Drivers/CMSIS/Include/cmsis_gcc.h **** }
 659:Drivers/CMSIS/Include/cmsis_gcc.h **** 
 660:Drivers/CMSIS/Include/cmsis_gcc.h **** 
 661:Drivers/CMSIS/Include/cmsis_gcc.h **** /**
 662:Drivers/CMSIS/Include/cmsis_gcc.h ****   \brief   STRT Unprivileged (8 bit)
 663:Drivers/CMSIS/Include/cmsis_gcc.h ****   \details Executes a Unprivileged STRT instruction for 8 bit values.
 664:Drivers/CMSIS/Include/cmsis_gcc.h ****   \param [in]  value  Value to store
 665:Drivers/CMSIS/Include/cmsis_gcc.h ****   \param [in]    ptr  Pointer to location
 666:Drivers/CMSIS/Include/cmsis_gcc.h ****  */
 667:Drivers/CMSIS/Include/cmsis_gcc.h **** __STATIC_FORCEINLINE void __STRBT(uint8_t value, volatile uint8_t *ptr)
 668:Drivers/CMSIS/Include/cmsis_gcc.h **** {
 669:Drivers/CMSIS/Include/cmsis_gcc.h ****    __ASM volatile ("strbt %1, %0" : "=Q" (*ptr) : "r" ((uint32_t)value) );
 670:Drivers/CMSIS/Include/cmsis_gcc.h **** }
 671:Drivers/CMSIS/Include/cmsis_gcc.h **** 
 672:Drivers/CMSIS/Include/cmsis_gcc.h **** 
 673:Drivers/CMSIS/Include/cmsis_gcc.h **** /**
 674:Drivers/CMSIS/Include/cmsis_gcc.h ****   \brief   STRT Unprivileged (16 bit)
 675:Drivers/CMSIS/Include/cmsis_gcc.h ****   \details Executes a Unprivileged STRT instruction for 16 bit values.
 676:Drivers/CMSIS/Include/cmsis_gcc.h ****   \param [in]  value  Value to store
 677:Drivers/CMSIS/Include/cmsis_gcc.h ****   \param [in]    ptr  Pointer to location
 678:Drivers/CMSIS/Include/cmsis_gcc.h ****  */
 679:Drivers/CMSIS/Include/cmsis_gcc.h **** __STATIC_FORCEINLINE void __STRHT(uint16_t value, volatile uint16_t *ptr)
 680:Drivers/CMSIS/Include/cmsis_gcc.h **** {
 681:Drivers/CMSIS/Include/cmsis_gcc.h ****    __ASM volatile ("strht %1, %0" : "=Q" (*ptr) : "r" ((uint32_t)value) );
 682:Drivers/CMSIS/Include/cmsis_gcc.h **** }
 683:Drivers/CMSIS/Include/cmsis_gcc.h **** 
 684:Drivers/CMSIS/Include/cmsis_gcc.h **** 
 685:Drivers/CMSIS/Include/cmsis_gcc.h **** /**
 686:Drivers/CMSIS/Include/cmsis_gcc.h ****   \brief   STRT Unprivileged (32 bit)
ARM GAS  /tmp/ccEYOayA.s 			page 20


 687:Drivers/CMSIS/Include/cmsis_gcc.h ****   \details Executes a Unprivileged STRT instruction for 32 bit values.
 688:Drivers/CMSIS/Include/cmsis_gcc.h ****   \param [in]  value  Value to store
 689:Drivers/CMSIS/Include/cmsis_gcc.h ****   \param [in]    ptr  Pointer to location
 690:Drivers/CMSIS/Include/cmsis_gcc.h ****  */
 691:Drivers/CMSIS/Include/cmsis_gcc.h **** __STATIC_FORCEINLINE void __STRT(uint32_t value, volatile uint32_t *ptr)
 692:Drivers/CMSIS/Include/cmsis_gcc.h **** {
 693:Drivers/CMSIS/Include/cmsis_gcc.h ****    __ASM volatile ("strt %1, %0" : "=Q" (*ptr) : "r" (value) );
 694:Drivers/CMSIS/Include/cmsis_gcc.h **** }
 695:Drivers/CMSIS/Include/cmsis_gcc.h **** 
 696:Drivers/CMSIS/Include/cmsis_gcc.h **** #else  /* ((defined (__ARM_ARCH_7M__      ) && (__ARM_ARCH_7M__      == 1)) || \
 697:Drivers/CMSIS/Include/cmsis_gcc.h ****            (defined (__ARM_ARCH_7EM__     ) && (__ARM_ARCH_7EM__     == 1)) || \
 698:Drivers/CMSIS/Include/cmsis_gcc.h ****            (defined (__ARM_ARCH_8M_MAIN__ ) && (__ARM_ARCH_8M_MAIN__ == 1))    ) */
 699:Drivers/CMSIS/Include/cmsis_gcc.h **** 
 700:Drivers/CMSIS/Include/cmsis_gcc.h **** /**
 701:Drivers/CMSIS/Include/cmsis_gcc.h ****   \brief   Signed Saturate
 702:Drivers/CMSIS/Include/cmsis_gcc.h ****   \details Saturates a signed value.
 703:Drivers/CMSIS/Include/cmsis_gcc.h ****   \param [in]  value  Value to be saturated
 704:Drivers/CMSIS/Include/cmsis_gcc.h ****   \param [in]    sat  Bit position to saturate to (1..32)
 705:Drivers/CMSIS/Include/cmsis_gcc.h ****   \return             Saturated value
 706:Drivers/CMSIS/Include/cmsis_gcc.h ****  */
 707:Drivers/CMSIS/Include/cmsis_gcc.h **** __STATIC_FORCEINLINE int32_t __SSAT(int32_t val, uint32_t sat)
 708:Drivers/CMSIS/Include/cmsis_gcc.h **** {
 709:Drivers/CMSIS/Include/cmsis_gcc.h ****   if ((sat >= 1U) && (sat <= 32U))
 710:Drivers/CMSIS/Include/cmsis_gcc.h ****   {
 711:Drivers/CMSIS/Include/cmsis_gcc.h ****     const int32_t max = (int32_t)((1U << (sat - 1U)) - 1U);
 712:Drivers/CMSIS/Include/cmsis_gcc.h ****     const int32_t min = -1 - max ;
 713:Drivers/CMSIS/Include/cmsis_gcc.h ****     if (val > max)
 714:Drivers/CMSIS/Include/cmsis_gcc.h ****     {
 715:Drivers/CMSIS/Include/cmsis_gcc.h ****       return max;
 716:Drivers/CMSIS/Include/cmsis_gcc.h ****     }
 717:Drivers/CMSIS/Include/cmsis_gcc.h ****     else if (val < min)
 718:Drivers/CMSIS/Include/cmsis_gcc.h ****     {
 719:Drivers/CMSIS/Include/cmsis_gcc.h ****       return min;
 720:Drivers/CMSIS/Include/cmsis_gcc.h ****     }
 721:Drivers/CMSIS/Include/cmsis_gcc.h ****   }
 722:Drivers/CMSIS/Include/cmsis_gcc.h ****   return val;
 723:Drivers/CMSIS/Include/cmsis_gcc.h **** }
 724:Drivers/CMSIS/Include/cmsis_gcc.h **** 
 725:Drivers/CMSIS/Include/cmsis_gcc.h **** /**
 726:Drivers/CMSIS/Include/cmsis_gcc.h ****   \brief   Unsigned Saturate
 727:Drivers/CMSIS/Include/cmsis_gcc.h ****   \details Saturates an unsigned value.
 728:Drivers/CMSIS/Include/cmsis_gcc.h ****   \param [in]  value  Value to be saturated
 729:Drivers/CMSIS/Include/cmsis_gcc.h ****   \param [in]    sat  Bit position to saturate to (0..31)
 730:Drivers/CMSIS/Include/cmsis_gcc.h ****   \return             Saturated value
 731:Drivers/CMSIS/Include/cmsis_gcc.h ****  */
 732:Drivers/CMSIS/Include/cmsis_gcc.h **** __STATIC_FORCEINLINE uint32_t __USAT(int32_t val, uint32_t sat)
 733:Drivers/CMSIS/Include/cmsis_gcc.h **** {
 734:Drivers/CMSIS/Include/cmsis_gcc.h ****   if (sat <= 31U)
 735:Drivers/CMSIS/Include/cmsis_gcc.h ****   {
 736:Drivers/CMSIS/Include/cmsis_gcc.h ****     const uint32_t max = ((1U << sat) - 1U);
 737:Drivers/CMSIS/Include/cmsis_gcc.h ****     if (val > (int32_t)max)
 738:Drivers/CMSIS/Include/cmsis_gcc.h ****     {
 739:Drivers/CMSIS/Include/cmsis_gcc.h ****       return max;
 740:Drivers/CMSIS/Include/cmsis_gcc.h ****     }
 741:Drivers/CMSIS/Include/cmsis_gcc.h ****     else if (val < 0)
 742:Drivers/CMSIS/Include/cmsis_gcc.h ****     {
 743:Drivers/CMSIS/Include/cmsis_gcc.h ****       return 0U;
ARM GAS  /tmp/ccEYOayA.s 			page 21


 744:Drivers/CMSIS/Include/cmsis_gcc.h ****     }
 745:Drivers/CMSIS/Include/cmsis_gcc.h ****   }
 746:Drivers/CMSIS/Include/cmsis_gcc.h ****   return (uint32_t)val;
 747:Drivers/CMSIS/Include/cmsis_gcc.h **** }
 748:Drivers/CMSIS/Include/cmsis_gcc.h **** 
 749:Drivers/CMSIS/Include/cmsis_gcc.h **** #endif /* ((defined (__ARM_ARCH_7M__      ) && (__ARM_ARCH_7M__      == 1)) || \
 750:Drivers/CMSIS/Include/cmsis_gcc.h ****            (defined (__ARM_ARCH_7EM__     ) && (__ARM_ARCH_7EM__     == 1)) || \
 751:Drivers/CMSIS/Include/cmsis_gcc.h ****            (defined (__ARM_ARCH_8M_MAIN__ ) && (__ARM_ARCH_8M_MAIN__ == 1))    ) */
 752:Drivers/CMSIS/Include/cmsis_gcc.h **** 
 753:Drivers/CMSIS/Include/cmsis_gcc.h **** 
 754:Drivers/CMSIS/Include/cmsis_gcc.h **** #if ((defined (__ARM_ARCH_8M_MAIN__ ) && (__ARM_ARCH_8M_MAIN__ == 1)) || \
 755:Drivers/CMSIS/Include/cmsis_gcc.h ****      (defined (__ARM_ARCH_8M_BASE__ ) && (__ARM_ARCH_8M_BASE__ == 1))    )
 756:Drivers/CMSIS/Include/cmsis_gcc.h **** /**
 757:Drivers/CMSIS/Include/cmsis_gcc.h ****   \brief   Load-Acquire (8 bit)
 758:Drivers/CMSIS/Include/cmsis_gcc.h ****   \details Executes a LDAB instruction for 8 bit value.
 759:Drivers/CMSIS/Include/cmsis_gcc.h ****   \param [in]    ptr  Pointer to data
 760:Drivers/CMSIS/Include/cmsis_gcc.h ****   \return             value of type uint8_t at (*ptr)
 761:Drivers/CMSIS/Include/cmsis_gcc.h ****  */
 762:Drivers/CMSIS/Include/cmsis_gcc.h **** __STATIC_FORCEINLINE uint8_t __LDAB(volatile uint8_t *ptr)
 763:Drivers/CMSIS/Include/cmsis_gcc.h **** {
 764:Drivers/CMSIS/Include/cmsis_gcc.h ****     uint32_t result;
 765:Drivers/CMSIS/Include/cmsis_gcc.h **** 
 766:Drivers/CMSIS/Include/cmsis_gcc.h ****    __ASM volatile ("ldab %0, %1" : "=r" (result) : "Q" (*ptr) : "memory" );
 767:Drivers/CMSIS/Include/cmsis_gcc.h ****    return ((uint8_t) result);
 768:Drivers/CMSIS/Include/cmsis_gcc.h **** }
 769:Drivers/CMSIS/Include/cmsis_gcc.h **** 
 770:Drivers/CMSIS/Include/cmsis_gcc.h **** 
 771:Drivers/CMSIS/Include/cmsis_gcc.h **** /**
 772:Drivers/CMSIS/Include/cmsis_gcc.h ****   \brief   Load-Acquire (16 bit)
 773:Drivers/CMSIS/Include/cmsis_gcc.h ****   \details Executes a LDAH instruction for 16 bit values.
 774:Drivers/CMSIS/Include/cmsis_gcc.h ****   \param [in]    ptr  Pointer to data
 775:Drivers/CMSIS/Include/cmsis_gcc.h ****   \return        value of type uint16_t at (*ptr)
 776:Drivers/CMSIS/Include/cmsis_gcc.h ****  */
 777:Drivers/CMSIS/Include/cmsis_gcc.h **** __STATIC_FORCEINLINE uint16_t __LDAH(volatile uint16_t *ptr)
 778:Drivers/CMSIS/Include/cmsis_gcc.h **** {
 779:Drivers/CMSIS/Include/cmsis_gcc.h ****     uint32_t result;
 780:Drivers/CMSIS/Include/cmsis_gcc.h **** 
 781:Drivers/CMSIS/Include/cmsis_gcc.h ****    __ASM volatile ("ldah %0, %1" : "=r" (result) : "Q" (*ptr) : "memory" );
 782:Drivers/CMSIS/Include/cmsis_gcc.h ****    return ((uint16_t) result);
 783:Drivers/CMSIS/Include/cmsis_gcc.h **** }
 784:Drivers/CMSIS/Include/cmsis_gcc.h **** 
 785:Drivers/CMSIS/Include/cmsis_gcc.h **** 
 786:Drivers/CMSIS/Include/cmsis_gcc.h **** /**
 787:Drivers/CMSIS/Include/cmsis_gcc.h ****   \brief   Load-Acquire (32 bit)
 788:Drivers/CMSIS/Include/cmsis_gcc.h ****   \details Executes a LDA instruction for 32 bit values.
 789:Drivers/CMSIS/Include/cmsis_gcc.h ****   \param [in]    ptr  Pointer to data
 790:Drivers/CMSIS/Include/cmsis_gcc.h ****   \return        value of type uint32_t at (*ptr)
 791:Drivers/CMSIS/Include/cmsis_gcc.h ****  */
 792:Drivers/CMSIS/Include/cmsis_gcc.h **** __STATIC_FORCEINLINE uint32_t __LDA(volatile uint32_t *ptr)
 793:Drivers/CMSIS/Include/cmsis_gcc.h **** {
 794:Drivers/CMSIS/Include/cmsis_gcc.h ****     uint32_t result;
 795:Drivers/CMSIS/Include/cmsis_gcc.h **** 
 796:Drivers/CMSIS/Include/cmsis_gcc.h ****    __ASM volatile ("lda %0, %1" : "=r" (result) : "Q" (*ptr) : "memory" );
 797:Drivers/CMSIS/Include/cmsis_gcc.h ****    return(result);
 798:Drivers/CMSIS/Include/cmsis_gcc.h **** }
 799:Drivers/CMSIS/Include/cmsis_gcc.h **** 
 800:Drivers/CMSIS/Include/cmsis_gcc.h **** 
ARM GAS  /tmp/ccEYOayA.s 			page 22


 801:Drivers/CMSIS/Include/cmsis_gcc.h **** /**
 802:Drivers/CMSIS/Include/cmsis_gcc.h ****   \brief   Store-Release (8 bit)
 803:Drivers/CMSIS/Include/cmsis_gcc.h ****   \details Executes a STLB instruction for 8 bit values.
 804:Drivers/CMSIS/Include/cmsis_gcc.h ****   \param [in]  value  Value to store
 805:Drivers/CMSIS/Include/cmsis_gcc.h ****   \param [in]    ptr  Pointer to location
 806:Drivers/CMSIS/Include/cmsis_gcc.h ****  */
 807:Drivers/CMSIS/Include/cmsis_gcc.h **** __STATIC_FORCEINLINE void __STLB(uint8_t value, volatile uint8_t *ptr)
 808:Drivers/CMSIS/Include/cmsis_gcc.h **** {
 809:Drivers/CMSIS/Include/cmsis_gcc.h ****    __ASM volatile ("stlb %1, %0" : "=Q" (*ptr) : "r" ((uint32_t)value) : "memory" );
 810:Drivers/CMSIS/Include/cmsis_gcc.h **** }
 811:Drivers/CMSIS/Include/cmsis_gcc.h **** 
 812:Drivers/CMSIS/Include/cmsis_gcc.h **** 
 813:Drivers/CMSIS/Include/cmsis_gcc.h **** /**
 814:Drivers/CMSIS/Include/cmsis_gcc.h ****   \brief   Store-Release (16 bit)
 815:Drivers/CMSIS/Include/cmsis_gcc.h ****   \details Executes a STLH instruction for 16 bit values.
 816:Drivers/CMSIS/Include/cmsis_gcc.h ****   \param [in]  value  Value to store
 817:Drivers/CMSIS/Include/cmsis_gcc.h ****   \param [in]    ptr  Pointer to location
 818:Drivers/CMSIS/Include/cmsis_gcc.h ****  */
 819:Drivers/CMSIS/Include/cmsis_gcc.h **** __STATIC_FORCEINLINE void __STLH(uint16_t value, volatile uint16_t *ptr)
 820:Drivers/CMSIS/Include/cmsis_gcc.h **** {
 821:Drivers/CMSIS/Include/cmsis_gcc.h ****    __ASM volatile ("stlh %1, %0" : "=Q" (*ptr) : "r" ((uint32_t)value) : "memory" );
 822:Drivers/CMSIS/Include/cmsis_gcc.h **** }
 823:Drivers/CMSIS/Include/cmsis_gcc.h **** 
 824:Drivers/CMSIS/Include/cmsis_gcc.h **** 
 825:Drivers/CMSIS/Include/cmsis_gcc.h **** /**
 826:Drivers/CMSIS/Include/cmsis_gcc.h ****   \brief   Store-Release (32 bit)
 827:Drivers/CMSIS/Include/cmsis_gcc.h ****   \details Executes a STL instruction for 32 bit values.
 828:Drivers/CMSIS/Include/cmsis_gcc.h ****   \param [in]  value  Value to store
 829:Drivers/CMSIS/Include/cmsis_gcc.h ****   \param [in]    ptr  Pointer to location
 830:Drivers/CMSIS/Include/cmsis_gcc.h ****  */
 831:Drivers/CMSIS/Include/cmsis_gcc.h **** __STATIC_FORCEINLINE void __STL(uint32_t value, volatile uint32_t *ptr)
 832:Drivers/CMSIS/Include/cmsis_gcc.h **** {
 833:Drivers/CMSIS/Include/cmsis_gcc.h ****    __ASM volatile ("stl %1, %0" : "=Q" (*ptr) : "r" ((uint32_t)value) : "memory" );
 834:Drivers/CMSIS/Include/cmsis_gcc.h **** }
 835:Drivers/CMSIS/Include/cmsis_gcc.h **** 
 836:Drivers/CMSIS/Include/cmsis_gcc.h **** 
 837:Drivers/CMSIS/Include/cmsis_gcc.h **** /**
 838:Drivers/CMSIS/Include/cmsis_gcc.h ****   \brief   Load-Acquire Exclusive (8 bit)
 839:Drivers/CMSIS/Include/cmsis_gcc.h ****   \details Executes a LDAB exclusive instruction for 8 bit value.
 840:Drivers/CMSIS/Include/cmsis_gcc.h ****   \param [in]    ptr  Pointer to data
 841:Drivers/CMSIS/Include/cmsis_gcc.h ****   \return             value of type uint8_t at (*ptr)
 842:Drivers/CMSIS/Include/cmsis_gcc.h ****  */
 843:Drivers/CMSIS/Include/cmsis_gcc.h **** __STATIC_FORCEINLINE uint8_t __LDAEXB(volatile uint8_t *ptr)
 844:Drivers/CMSIS/Include/cmsis_gcc.h **** {
 845:Drivers/CMSIS/Include/cmsis_gcc.h ****     uint32_t result;
 846:Drivers/CMSIS/Include/cmsis_gcc.h **** 
 847:Drivers/CMSIS/Include/cmsis_gcc.h ****    __ASM volatile ("ldaexb %0, %1" : "=r" (result) : "Q" (*ptr) : "memory" );
 848:Drivers/CMSIS/Include/cmsis_gcc.h ****    return ((uint8_t) result);
 849:Drivers/CMSIS/Include/cmsis_gcc.h **** }
 850:Drivers/CMSIS/Include/cmsis_gcc.h **** 
 851:Drivers/CMSIS/Include/cmsis_gcc.h **** 
 852:Drivers/CMSIS/Include/cmsis_gcc.h **** /**
 853:Drivers/CMSIS/Include/cmsis_gcc.h ****   \brief   Load-Acquire Exclusive (16 bit)
 854:Drivers/CMSIS/Include/cmsis_gcc.h ****   \details Executes a LDAH exclusive instruction for 16 bit values.
 855:Drivers/CMSIS/Include/cmsis_gcc.h ****   \param [in]    ptr  Pointer to data
 856:Drivers/CMSIS/Include/cmsis_gcc.h ****   \return        value of type uint16_t at (*ptr)
 857:Drivers/CMSIS/Include/cmsis_gcc.h ****  */
ARM GAS  /tmp/ccEYOayA.s 			page 23


 858:Drivers/CMSIS/Include/cmsis_gcc.h **** __STATIC_FORCEINLINE uint16_t __LDAEXH(volatile uint16_t *ptr)
 859:Drivers/CMSIS/Include/cmsis_gcc.h **** {
 860:Drivers/CMSIS/Include/cmsis_gcc.h ****     uint32_t result;
 861:Drivers/CMSIS/Include/cmsis_gcc.h **** 
 862:Drivers/CMSIS/Include/cmsis_gcc.h ****    __ASM volatile ("ldaexh %0, %1" : "=r" (result) : "Q" (*ptr) : "memory" );
 863:Drivers/CMSIS/Include/cmsis_gcc.h ****    return ((uint16_t) result);
 864:Drivers/CMSIS/Include/cmsis_gcc.h **** }
 865:Drivers/CMSIS/Include/cmsis_gcc.h **** 
 866:Drivers/CMSIS/Include/cmsis_gcc.h **** 
 867:Drivers/CMSIS/Include/cmsis_gcc.h **** /**
 868:Drivers/CMSIS/Include/cmsis_gcc.h ****   \brief   Load-Acquire Exclusive (32 bit)
 869:Drivers/CMSIS/Include/cmsis_gcc.h ****   \details Executes a LDA exclusive instruction for 32 bit values.
 870:Drivers/CMSIS/Include/cmsis_gcc.h ****   \param [in]    ptr  Pointer to data
 871:Drivers/CMSIS/Include/cmsis_gcc.h ****   \return        value of type uint32_t at (*ptr)
 872:Drivers/CMSIS/Include/cmsis_gcc.h ****  */
 873:Drivers/CMSIS/Include/cmsis_gcc.h **** __STATIC_FORCEINLINE uint32_t __LDAEX(volatile uint32_t *ptr)
 874:Drivers/CMSIS/Include/cmsis_gcc.h **** {
 875:Drivers/CMSIS/Include/cmsis_gcc.h ****     uint32_t result;
 876:Drivers/CMSIS/Include/cmsis_gcc.h **** 
 877:Drivers/CMSIS/Include/cmsis_gcc.h ****    __ASM volatile ("ldaex %0, %1" : "=r" (result) : "Q" (*ptr) : "memory" );
 878:Drivers/CMSIS/Include/cmsis_gcc.h ****    return(result);
 879:Drivers/CMSIS/Include/cmsis_gcc.h **** }
 880:Drivers/CMSIS/Include/cmsis_gcc.h **** 
 881:Drivers/CMSIS/Include/cmsis_gcc.h **** 
 882:Drivers/CMSIS/Include/cmsis_gcc.h **** /**
 883:Drivers/CMSIS/Include/cmsis_gcc.h ****   \brief   Store-Release Exclusive (8 bit)
 884:Drivers/CMSIS/Include/cmsis_gcc.h ****   \details Executes a STLB exclusive instruction for 8 bit values.
 885:Drivers/CMSIS/Include/cmsis_gcc.h ****   \param [in]  value  Value to store
 886:Drivers/CMSIS/Include/cmsis_gcc.h ****   \param [in]    ptr  Pointer to location
 887:Drivers/CMSIS/Include/cmsis_gcc.h ****   \return          0  Function succeeded
 888:Drivers/CMSIS/Include/cmsis_gcc.h ****   \return          1  Function failed
 889:Drivers/CMSIS/Include/cmsis_gcc.h ****  */
 890:Drivers/CMSIS/Include/cmsis_gcc.h **** __STATIC_FORCEINLINE uint32_t __STLEXB(uint8_t value, volatile uint8_t *ptr)
 891:Drivers/CMSIS/Include/cmsis_gcc.h **** {
 892:Drivers/CMSIS/Include/cmsis_gcc.h ****    uint32_t result;
 893:Drivers/CMSIS/Include/cmsis_gcc.h **** 
 894:Drivers/CMSIS/Include/cmsis_gcc.h ****    __ASM volatile ("stlexb %0, %2, %1" : "=&r" (result), "=Q" (*ptr) : "r" ((uint32_t)value) : "mem
 895:Drivers/CMSIS/Include/cmsis_gcc.h ****    return(result);
 896:Drivers/CMSIS/Include/cmsis_gcc.h **** }
 897:Drivers/CMSIS/Include/cmsis_gcc.h **** 
 898:Drivers/CMSIS/Include/cmsis_gcc.h **** 
 899:Drivers/CMSIS/Include/cmsis_gcc.h **** /**
 900:Drivers/CMSIS/Include/cmsis_gcc.h ****   \brief   Store-Release Exclusive (16 bit)
 901:Drivers/CMSIS/Include/cmsis_gcc.h ****   \details Executes a STLH exclusive instruction for 16 bit values.
 902:Drivers/CMSIS/Include/cmsis_gcc.h ****   \param [in]  value  Value to store
 903:Drivers/CMSIS/Include/cmsis_gcc.h ****   \param [in]    ptr  Pointer to location
 904:Drivers/CMSIS/Include/cmsis_gcc.h ****   \return          0  Function succeeded
 905:Drivers/CMSIS/Include/cmsis_gcc.h ****   \return          1  Function failed
 906:Drivers/CMSIS/Include/cmsis_gcc.h ****  */
 907:Drivers/CMSIS/Include/cmsis_gcc.h **** __STATIC_FORCEINLINE uint32_t __STLEXH(uint16_t value, volatile uint16_t *ptr)
 908:Drivers/CMSIS/Include/cmsis_gcc.h **** {
 909:Drivers/CMSIS/Include/cmsis_gcc.h ****    uint32_t result;
 910:Drivers/CMSIS/Include/cmsis_gcc.h **** 
 911:Drivers/CMSIS/Include/cmsis_gcc.h ****    __ASM volatile ("stlexh %0, %2, %1" : "=&r" (result), "=Q" (*ptr) : "r" ((uint32_t)value) : "mem
 912:Drivers/CMSIS/Include/cmsis_gcc.h ****    return(result);
 913:Drivers/CMSIS/Include/cmsis_gcc.h **** }
 914:Drivers/CMSIS/Include/cmsis_gcc.h **** 
ARM GAS  /tmp/ccEYOayA.s 			page 24


 915:Drivers/CMSIS/Include/cmsis_gcc.h **** 
 916:Drivers/CMSIS/Include/cmsis_gcc.h **** /**
 917:Drivers/CMSIS/Include/cmsis_gcc.h ****   \brief   Store-Release Exclusive (32 bit)
 918:Drivers/CMSIS/Include/cmsis_gcc.h ****   \details Executes a STL exclusive instruction for 32 bit values.
 919:Drivers/CMSIS/Include/cmsis_gcc.h ****   \param [in]  value  Value to store
 920:Drivers/CMSIS/Include/cmsis_gcc.h ****   \param [in]    ptr  Pointer to location
 921:Drivers/CMSIS/Include/cmsis_gcc.h ****   \return          0  Function succeeded
 922:Drivers/CMSIS/Include/cmsis_gcc.h ****   \return          1  Function failed
 923:Drivers/CMSIS/Include/cmsis_gcc.h ****  */
 924:Drivers/CMSIS/Include/cmsis_gcc.h **** __STATIC_FORCEINLINE uint32_t __STLEX(uint32_t value, volatile uint32_t *ptr)
 925:Drivers/CMSIS/Include/cmsis_gcc.h **** {
 926:Drivers/CMSIS/Include/cmsis_gcc.h ****    uint32_t result;
 927:Drivers/CMSIS/Include/cmsis_gcc.h **** 
 928:Drivers/CMSIS/Include/cmsis_gcc.h ****    __ASM volatile ("stlex %0, %2, %1" : "=&r" (result), "=Q" (*ptr) : "r" ((uint32_t)value) : "memo
 929:Drivers/CMSIS/Include/cmsis_gcc.h ****    return(result);
 930:Drivers/CMSIS/Include/cmsis_gcc.h **** }
 931:Drivers/CMSIS/Include/cmsis_gcc.h **** 
 932:Drivers/CMSIS/Include/cmsis_gcc.h **** #endif /* ((defined (__ARM_ARCH_8M_MAIN__ ) && (__ARM_ARCH_8M_MAIN__ == 1)) || \
 933:Drivers/CMSIS/Include/cmsis_gcc.h ****            (defined (__ARM_ARCH_8M_BASE__ ) && (__ARM_ARCH_8M_BASE__ == 1))    ) */
 934:Drivers/CMSIS/Include/cmsis_gcc.h **** 
 935:Drivers/CMSIS/Include/cmsis_gcc.h **** /*@}*/ /* end of group CMSIS_Core_InstructionInterface */
 936:Drivers/CMSIS/Include/cmsis_gcc.h **** 
 937:Drivers/CMSIS/Include/cmsis_gcc.h **** 
 938:Drivers/CMSIS/Include/cmsis_gcc.h **** /* ###########################  Core Function Access  ########################### */
 939:Drivers/CMSIS/Include/cmsis_gcc.h **** /** \ingroup  CMSIS_Core_FunctionInterface
 940:Drivers/CMSIS/Include/cmsis_gcc.h ****     \defgroup CMSIS_Core_RegAccFunctions CMSIS Core Register Access Functions
 941:Drivers/CMSIS/Include/cmsis_gcc.h ****   @{
 942:Drivers/CMSIS/Include/cmsis_gcc.h ****  */
 943:Drivers/CMSIS/Include/cmsis_gcc.h **** 
 944:Drivers/CMSIS/Include/cmsis_gcc.h **** /**
 945:Drivers/CMSIS/Include/cmsis_gcc.h ****   \brief   Enable IRQ Interrupts
 946:Drivers/CMSIS/Include/cmsis_gcc.h ****   \details Enables IRQ interrupts by clearing special-purpose register PRIMASK.
 947:Drivers/CMSIS/Include/cmsis_gcc.h ****            Can only be executed in Privileged modes.
 948:Drivers/CMSIS/Include/cmsis_gcc.h ****  */
 949:Drivers/CMSIS/Include/cmsis_gcc.h **** __STATIC_FORCEINLINE void __enable_irq(void)
 950:Drivers/CMSIS/Include/cmsis_gcc.h **** {
 951:Drivers/CMSIS/Include/cmsis_gcc.h ****   __ASM volatile ("cpsie i" : : : "memory");
 952:Drivers/CMSIS/Include/cmsis_gcc.h **** }
 953:Drivers/CMSIS/Include/cmsis_gcc.h **** 
 954:Drivers/CMSIS/Include/cmsis_gcc.h **** 
 955:Drivers/CMSIS/Include/cmsis_gcc.h **** /**
 956:Drivers/CMSIS/Include/cmsis_gcc.h ****   \brief   Disable IRQ Interrupts
 957:Drivers/CMSIS/Include/cmsis_gcc.h ****   \details Disables IRQ interrupts by setting special-purpose register PRIMASK.
 958:Drivers/CMSIS/Include/cmsis_gcc.h ****            Can only be executed in Privileged modes.
 959:Drivers/CMSIS/Include/cmsis_gcc.h ****  */
 960:Drivers/CMSIS/Include/cmsis_gcc.h **** __STATIC_FORCEINLINE void __disable_irq(void)
 252              		.loc 2 960 27 view .LVU49
 253              	.LBB27:
 961:Drivers/CMSIS/Include/cmsis_gcc.h **** {
 962:Drivers/CMSIS/Include/cmsis_gcc.h ****   __ASM volatile ("cpsid i" : : : "memory");
 254              		.loc 2 962 3 view .LVU50
 255              		.syntax unified
 256              	@ 962 "Drivers/CMSIS/Include/cmsis_gcc.h" 1
 257 0008 72B6     		cpsid i
 258              	@ 0 "" 2
 259              		.thumb
 260              		.syntax unified
ARM GAS  /tmp/ccEYOayA.s 			page 25


 261              	.LBE27:
 262              	.LBE26:
 111:Core/Src/bootloader.c **** 
 112:Core/Src/bootloader.c **** 	SysTick->CTRL = 0;
 263              		.loc 1 112 2 view .LVU51
 264              		.loc 1 112 16 is_stmt 0 view .LVU52
 265 000a 4FF0E022 		mov	r2, #-536813568
 266 000e 0023     		movs	r3, #0
 267 0010 1361     		str	r3, [r2, #16]
 113:Core/Src/bootloader.c **** 	SysTick->LOAD = 0;
 268              		.loc 1 113 2 is_stmt 1 view .LVU53
 269              		.loc 1 113 16 is_stmt 0 view .LVU54
 270 0012 5361     		str	r3, [r2, #20]
 114:Core/Src/bootloader.c **** 	SysTick->VAL  = 0;
 271              		.loc 1 114 2 is_stmt 1 view .LVU55
 272              		.loc 1 114 16 is_stmt 0 view .LVU56
 273 0014 9361     		str	r3, [r2, #24]
 115:Core/Src/bootloader.c **** 
 116:Core/Src/bootloader.c **** 	uint32_t blocks = ((SCnSCB->ICTR & 0xF) + 1); // number of ICER/ICPR regs
 274              		.loc 1 116 2 is_stmt 1 view .LVU57
 275              		.loc 1 116 28 is_stmt 0 view .LVU58
 276 0016 5268     		ldr	r2, [r2, #4]
 277              		.loc 1 116 35 view .LVU59
 278 0018 02F00F0E 		and	lr, r2, #15
 279              		.loc 1 116 11 view .LVU60
 280 001c 0EF1010E 		add	lr, lr, #1
 281              	.LVL19:
 117:Core/Src/bootloader.c **** 
 118:Core/Src/bootloader.c **** 	for (uint32_t i = 0; i < blocks; ++i) {
 282              		.loc 1 118 2 is_stmt 1 view .LVU61
 283              	.LBB28:
 284              		.loc 1 118 7 view .LVU62
 285              		.loc 1 118 2 is_stmt 0 view .LVU63
 286 0020 0BE0     		b	.L14
 287              	.LVL20:
 288              	.L15:
 119:Core/Src/bootloader.c **** 		NVIC->ICER[i] = 0xFFFFFFFF;
 289              		.loc 1 119 3 is_stmt 1 view .LVU64
 290              		.loc 1 119 17 is_stmt 0 view .LVU65
 291 0022 264A     		ldr	r2, .L17
 292 0024 03F12000 		add	r0, r3, #32
 293 0028 4FF0FF31 		mov	r1, #-1
 294 002c 42F82010 		str	r1, [r2, r0, lsl #2]
 120:Core/Src/bootloader.c **** 	    NVIC->ICPR[i] = 0xFFFFFFFF;
 295              		.loc 1 120 6 is_stmt 1 view .LVU66
 296              		.loc 1 120 20 is_stmt 0 view .LVU67
 297 0030 03F1600C 		add	ip, r3, #96
 298 0034 42F82C10 		str	r1, [r2, ip, lsl #2]
 118:Core/Src/bootloader.c **** 		NVIC->ICER[i] = 0xFFFFFFFF;
 299              		.loc 1 118 35 is_stmt 1 discriminator 3 view .LVU68
 300 0038 0133     		adds	r3, r3, #1
 301              	.LVL21:
 302              	.L14:
 118:Core/Src/bootloader.c **** 		NVIC->ICER[i] = 0xFFFFFFFF;
 303              		.loc 1 118 25 discriminator 1 view .LVU69
 304 003a 7345     		cmp	r3, lr
 305 003c F1D3     		bcc	.L15
ARM GAS  /tmp/ccEYOayA.s 			page 26


 306              	.LBE28:
 121:Core/Src/bootloader.c **** 	}
 122:Core/Src/bootloader.c **** 
 123:Core/Src/bootloader.c **** 	SCB->ICSR = SCB_ICSR_PENDSVCLR_Msk;
 307              		.loc 1 123 2 view .LVU70
 308              		.loc 1 123 12 is_stmt 0 view .LVU71
 309 003e 204F     		ldr	r7, .L17+4
 310 0040 4FF00063 		mov	r3, #134217728
 311              	.LVL22:
 312              		.loc 1 123 12 view .LVU72
 313 0044 7B60     		str	r3, [r7, #4]
 124:Core/Src/bootloader.c **** 
 125:Core/Src/bootloader.c **** 
 126:Core/Src/bootloader.c **** 	HAL_DeInit();
 314              		.loc 1 126 2 is_stmt 1 view .LVU73
 315 0046 FFF7FEFF 		bl	HAL_DeInit
 316              	.LVL23:
 127:Core/Src/bootloader.c **** 	HAL_RCC_DeInit();
 317              		.loc 1 127 2 view .LVU74
 318 004a FFF7FEFF 		bl	HAL_RCC_DeInit
 319              	.LVL24:
 128:Core/Src/bootloader.c **** 
 129:Core/Src/bootloader.c **** 
 130:Core/Src/bootloader.c **** 	SCB->VTOR = (uint32_t)addr;
 320              		.loc 1 130 2 view .LVU75
 321              		.loc 1 130 12 is_stmt 0 view .LVU76
 322 004e BE60     		str	r6, [r7, #8]
 131:Core/Src/bootloader.c **** 	__DSB();
 323              		.loc 1 131 2 is_stmt 1 view .LVU77
 324              	.LBB29:
 325              	.LBI29:
 269:Drivers/CMSIS/Include/cmsis_gcc.h **** {
 326              		.loc 2 269 27 view .LVU78
 327              	.LBB30:
 271:Drivers/CMSIS/Include/cmsis_gcc.h **** }
 328              		.loc 2 271 3 view .LVU79
 329              		.syntax unified
 330              	@ 271 "Drivers/CMSIS/Include/cmsis_gcc.h" 1
 331 0050 BFF34F8F 		dsb 0xF
 332              	@ 0 "" 2
 333              		.thumb
 334              		.syntax unified
 335              	.LBE30:
 336              	.LBE29:
 132:Core/Src/bootloader.c **** 	__ISB();
 337              		.loc 1 132 2 view .LVU80
 338              	.LBB31:
 339              	.LBI31:
 258:Drivers/CMSIS/Include/cmsis_gcc.h **** {
 340              		.loc 2 258 27 view .LVU81
 341              	.LBB32:
 260:Drivers/CMSIS/Include/cmsis_gcc.h **** }
 342              		.loc 2 260 3 view .LVU82
 343              		.syntax unified
 344              	@ 260 "Drivers/CMSIS/Include/cmsis_gcc.h" 1
 345 0054 BFF36F8F 		isb 0xF
 346              	@ 0 "" 2
ARM GAS  /tmp/ccEYOayA.s 			page 27


 347              		.thumb
 348              		.syntax unified
 349              	.LBE32:
 350              	.LBE31:
 133:Core/Src/bootloader.c **** 
 134:Core/Src/bootloader.c **** 	__HAL_FLASH_DATA_CACHE_DISABLE();
 351              		.loc 1 134 2 view .LVU83
 352 0058 1A4B     		ldr	r3, .L17+8
 353 005a 1A68     		ldr	r2, [r3]
 354 005c 22F48062 		bic	r2, r2, #1024
 355 0060 1A60     		str	r2, [r3]
 135:Core/Src/bootloader.c **** 	__HAL_FLASH_INSTRUCTION_CACHE_DISABLE();
 356              		.loc 1 135 2 view .LVU84
 357 0062 1A68     		ldr	r2, [r3]
 358 0064 22F40072 		bic	r2, r2, #512
 359 0068 1A60     		str	r2, [r3]
 136:Core/Src/bootloader.c **** 	__HAL_FLASH_DATA_CACHE_RESET();
 360              		.loc 1 136 2 view .LVU85
 361              		.loc 1 136 2 view .LVU86
 362 006a 1A68     		ldr	r2, [r3]
 363 006c 42F48052 		orr	r2, r2, #4096
 364 0070 1A60     		str	r2, [r3]
 365              		.loc 1 136 2 view .LVU87
 366 0072 1A68     		ldr	r2, [r3]
 367 0074 22F48052 		bic	r2, r2, #4096
 368 0078 1A60     		str	r2, [r3]
 369              		.loc 1 136 2 view .LVU88
 137:Core/Src/bootloader.c **** 	__HAL_FLASH_INSTRUCTION_CACHE_RESET();
 370              		.loc 1 137 2 view .LVU89
 371              		.loc 1 137 2 view .LVU90
 372 007a 1A68     		ldr	r2, [r3]
 373 007c 42F40062 		orr	r2, r2, #2048
 374 0080 1A60     		str	r2, [r3]
 375              		.loc 1 137 2 view .LVU91
 376 0082 1A68     		ldr	r2, [r3]
 377 0084 22F40062 		bic	r2, r2, #2048
 378 0088 1A60     		str	r2, [r3]
 379              		.loc 1 137 2 view .LVU92
 138:Core/Src/bootloader.c **** 	__HAL_FLASH_INSTRUCTION_CACHE_ENABLE();
 380              		.loc 1 138 2 view .LVU93
 381 008a 1A68     		ldr	r2, [r3]
 382 008c 42F40072 		orr	r2, r2, #512
 383 0090 1A60     		str	r2, [r3]
 139:Core/Src/bootloader.c **** 	__HAL_FLASH_DATA_CACHE_ENABLE();
 384              		.loc 1 139 2 view .LVU94
 385 0092 1A68     		ldr	r2, [r3]
 386 0094 42F48062 		orr	r2, r2, #1024
 387 0098 1A60     		str	r2, [r3]
 140:Core/Src/bootloader.c **** 
 141:Core/Src/bootloader.c **** 	__set_CONTROL(0);
 388              		.loc 1 141 2 view .LVU95
 389              	.LVL25:
 390              	.LBB33:
 391              	.LBI33:
 963:Drivers/CMSIS/Include/cmsis_gcc.h **** }
 964:Drivers/CMSIS/Include/cmsis_gcc.h **** 
 965:Drivers/CMSIS/Include/cmsis_gcc.h **** 
ARM GAS  /tmp/ccEYOayA.s 			page 28


 966:Drivers/CMSIS/Include/cmsis_gcc.h **** /**
 967:Drivers/CMSIS/Include/cmsis_gcc.h ****   \brief   Get Control Register
 968:Drivers/CMSIS/Include/cmsis_gcc.h ****   \details Returns the content of the Control Register.
 969:Drivers/CMSIS/Include/cmsis_gcc.h ****   \return               Control Register value
 970:Drivers/CMSIS/Include/cmsis_gcc.h ****  */
 971:Drivers/CMSIS/Include/cmsis_gcc.h **** __STATIC_FORCEINLINE uint32_t __get_CONTROL(void)
 972:Drivers/CMSIS/Include/cmsis_gcc.h **** {
 973:Drivers/CMSIS/Include/cmsis_gcc.h ****   uint32_t result;
 974:Drivers/CMSIS/Include/cmsis_gcc.h **** 
 975:Drivers/CMSIS/Include/cmsis_gcc.h ****   __ASM volatile ("MRS %0, control" : "=r" (result) );
 976:Drivers/CMSIS/Include/cmsis_gcc.h ****   return(result);
 977:Drivers/CMSIS/Include/cmsis_gcc.h **** }
 978:Drivers/CMSIS/Include/cmsis_gcc.h **** 
 979:Drivers/CMSIS/Include/cmsis_gcc.h **** 
 980:Drivers/CMSIS/Include/cmsis_gcc.h **** #if (defined (__ARM_FEATURE_CMSE ) && (__ARM_FEATURE_CMSE == 3))
 981:Drivers/CMSIS/Include/cmsis_gcc.h **** /**
 982:Drivers/CMSIS/Include/cmsis_gcc.h ****   \brief   Get Control Register (non-secure)
 983:Drivers/CMSIS/Include/cmsis_gcc.h ****   \details Returns the content of the non-secure Control Register when in secure mode.
 984:Drivers/CMSIS/Include/cmsis_gcc.h ****   \return               non-secure Control Register value
 985:Drivers/CMSIS/Include/cmsis_gcc.h ****  */
 986:Drivers/CMSIS/Include/cmsis_gcc.h **** __STATIC_FORCEINLINE uint32_t __TZ_get_CONTROL_NS(void)
 987:Drivers/CMSIS/Include/cmsis_gcc.h **** {
 988:Drivers/CMSIS/Include/cmsis_gcc.h ****   uint32_t result;
 989:Drivers/CMSIS/Include/cmsis_gcc.h **** 
 990:Drivers/CMSIS/Include/cmsis_gcc.h ****   __ASM volatile ("MRS %0, control_ns" : "=r" (result) );
 991:Drivers/CMSIS/Include/cmsis_gcc.h ****   return(result);
 992:Drivers/CMSIS/Include/cmsis_gcc.h **** }
 993:Drivers/CMSIS/Include/cmsis_gcc.h **** #endif
 994:Drivers/CMSIS/Include/cmsis_gcc.h **** 
 995:Drivers/CMSIS/Include/cmsis_gcc.h **** 
 996:Drivers/CMSIS/Include/cmsis_gcc.h **** /**
 997:Drivers/CMSIS/Include/cmsis_gcc.h ****   \brief   Set Control Register
 998:Drivers/CMSIS/Include/cmsis_gcc.h ****   \details Writes the given value to the Control Register.
 999:Drivers/CMSIS/Include/cmsis_gcc.h ****   \param [in]    control  Control Register value to set
1000:Drivers/CMSIS/Include/cmsis_gcc.h ****  */
1001:Drivers/CMSIS/Include/cmsis_gcc.h **** __STATIC_FORCEINLINE void __set_CONTROL(uint32_t control)
 392              		.loc 2 1001 27 view .LVU96
 393              	.LBB34:
1002:Drivers/CMSIS/Include/cmsis_gcc.h **** {
1003:Drivers/CMSIS/Include/cmsis_gcc.h ****   __ASM volatile ("MSR control, %0" : : "r" (control) : "memory");
 394              		.loc 2 1003 3 view .LVU97
 395 009a 0023     		movs	r3, #0
 396              		.syntax unified
 397              	@ 1003 "Drivers/CMSIS/Include/cmsis_gcc.h" 1
 398 009c 83F31488 		MSR control, r3
 399              	@ 0 "" 2
1004:Drivers/CMSIS/Include/cmsis_gcc.h ****   __ISB();
 400              		.loc 2 1004 3 view .LVU98
 401              		.thumb
 402              		.syntax unified
 403              	.LBB35:
 404              	.LBI35:
 258:Drivers/CMSIS/Include/cmsis_gcc.h **** {
 405              		.loc 2 258 27 view .LVU99
 406              	.LBB36:
 260:Drivers/CMSIS/Include/cmsis_gcc.h **** }
 407              		.loc 2 260 3 view .LVU100
ARM GAS  /tmp/ccEYOayA.s 			page 29


 408              		.syntax unified
 409              	@ 260 "Drivers/CMSIS/Include/cmsis_gcc.h" 1
 410 00a0 BFF36F8F 		isb 0xF
 411              	@ 0 "" 2
 412              	.LVL26:
 260:Drivers/CMSIS/Include/cmsis_gcc.h **** }
 413              		.loc 2 260 3 is_stmt 0 view .LVU101
 414              		.thumb
 415              		.syntax unified
 416              	.LBE36:
 417              	.LBE35:
 418              	.LBE34:
 419              	.LBE33:
 142:Core/Src/bootloader.c **** 	__ISB();
 420              		.loc 1 142 2 is_stmt 1 view .LVU102
 421              	.LBB37:
 422              	.LBI37:
 258:Drivers/CMSIS/Include/cmsis_gcc.h **** {
 423              		.loc 2 258 27 view .LVU103
 424              	.LBB38:
 260:Drivers/CMSIS/Include/cmsis_gcc.h **** }
 425              		.loc 2 260 3 view .LVU104
 426              		.syntax unified
 427              	@ 260 "Drivers/CMSIS/Include/cmsis_gcc.h" 1
 428 00a4 BFF36F8F 		isb 0xF
 429              	@ 0 "" 2
 430              		.thumb
 431              		.syntax unified
 432              	.LBE38:
 433              	.LBE37:
 143:Core/Src/bootloader.c **** 	__set_MSP(msp_addr);
 434              		.loc 1 143 2 view .LVU105
 435              	.LVL27:
 436              	.LBB39:
 437              	.LBI39:
1005:Drivers/CMSIS/Include/cmsis_gcc.h **** }
1006:Drivers/CMSIS/Include/cmsis_gcc.h **** 
1007:Drivers/CMSIS/Include/cmsis_gcc.h **** 
1008:Drivers/CMSIS/Include/cmsis_gcc.h **** #if (defined (__ARM_FEATURE_CMSE ) && (__ARM_FEATURE_CMSE == 3))
1009:Drivers/CMSIS/Include/cmsis_gcc.h **** /**
1010:Drivers/CMSIS/Include/cmsis_gcc.h ****   \brief   Set Control Register (non-secure)
1011:Drivers/CMSIS/Include/cmsis_gcc.h ****   \details Writes the given value to the non-secure Control Register when in secure state.
1012:Drivers/CMSIS/Include/cmsis_gcc.h ****   \param [in]    control  Control Register value to set
1013:Drivers/CMSIS/Include/cmsis_gcc.h ****  */
1014:Drivers/CMSIS/Include/cmsis_gcc.h **** __STATIC_FORCEINLINE void __TZ_set_CONTROL_NS(uint32_t control)
1015:Drivers/CMSIS/Include/cmsis_gcc.h **** {
1016:Drivers/CMSIS/Include/cmsis_gcc.h ****   __ASM volatile ("MSR control_ns, %0" : : "r" (control) : "memory");
1017:Drivers/CMSIS/Include/cmsis_gcc.h ****   __ISB();
1018:Drivers/CMSIS/Include/cmsis_gcc.h **** }
1019:Drivers/CMSIS/Include/cmsis_gcc.h **** #endif
1020:Drivers/CMSIS/Include/cmsis_gcc.h **** 
1021:Drivers/CMSIS/Include/cmsis_gcc.h **** 
1022:Drivers/CMSIS/Include/cmsis_gcc.h **** /**
1023:Drivers/CMSIS/Include/cmsis_gcc.h ****   \brief   Get IPSR Register
1024:Drivers/CMSIS/Include/cmsis_gcc.h ****   \details Returns the content of the IPSR Register.
1025:Drivers/CMSIS/Include/cmsis_gcc.h ****   \return               IPSR Register value
1026:Drivers/CMSIS/Include/cmsis_gcc.h ****  */
ARM GAS  /tmp/ccEYOayA.s 			page 30


1027:Drivers/CMSIS/Include/cmsis_gcc.h **** __STATIC_FORCEINLINE uint32_t __get_IPSR(void)
1028:Drivers/CMSIS/Include/cmsis_gcc.h **** {
1029:Drivers/CMSIS/Include/cmsis_gcc.h ****   uint32_t result;
1030:Drivers/CMSIS/Include/cmsis_gcc.h **** 
1031:Drivers/CMSIS/Include/cmsis_gcc.h ****   __ASM volatile ("MRS %0, ipsr" : "=r" (result) );
1032:Drivers/CMSIS/Include/cmsis_gcc.h ****   return(result);
1033:Drivers/CMSIS/Include/cmsis_gcc.h **** }
1034:Drivers/CMSIS/Include/cmsis_gcc.h **** 
1035:Drivers/CMSIS/Include/cmsis_gcc.h **** 
1036:Drivers/CMSIS/Include/cmsis_gcc.h **** /**
1037:Drivers/CMSIS/Include/cmsis_gcc.h ****   \brief   Get APSR Register
1038:Drivers/CMSIS/Include/cmsis_gcc.h ****   \details Returns the content of the APSR Register.
1039:Drivers/CMSIS/Include/cmsis_gcc.h ****   \return               APSR Register value
1040:Drivers/CMSIS/Include/cmsis_gcc.h ****  */
1041:Drivers/CMSIS/Include/cmsis_gcc.h **** __STATIC_FORCEINLINE uint32_t __get_APSR(void)
1042:Drivers/CMSIS/Include/cmsis_gcc.h **** {
1043:Drivers/CMSIS/Include/cmsis_gcc.h ****   uint32_t result;
1044:Drivers/CMSIS/Include/cmsis_gcc.h **** 
1045:Drivers/CMSIS/Include/cmsis_gcc.h ****   __ASM volatile ("MRS %0, apsr" : "=r" (result) );
1046:Drivers/CMSIS/Include/cmsis_gcc.h ****   return(result);
1047:Drivers/CMSIS/Include/cmsis_gcc.h **** }
1048:Drivers/CMSIS/Include/cmsis_gcc.h **** 
1049:Drivers/CMSIS/Include/cmsis_gcc.h **** 
1050:Drivers/CMSIS/Include/cmsis_gcc.h **** /**
1051:Drivers/CMSIS/Include/cmsis_gcc.h ****   \brief   Get xPSR Register
1052:Drivers/CMSIS/Include/cmsis_gcc.h ****   \details Returns the content of the xPSR Register.
1053:Drivers/CMSIS/Include/cmsis_gcc.h ****   \return               xPSR Register value
1054:Drivers/CMSIS/Include/cmsis_gcc.h ****  */
1055:Drivers/CMSIS/Include/cmsis_gcc.h **** __STATIC_FORCEINLINE uint32_t __get_xPSR(void)
1056:Drivers/CMSIS/Include/cmsis_gcc.h **** {
1057:Drivers/CMSIS/Include/cmsis_gcc.h ****   uint32_t result;
1058:Drivers/CMSIS/Include/cmsis_gcc.h **** 
1059:Drivers/CMSIS/Include/cmsis_gcc.h ****   __ASM volatile ("MRS %0, xpsr" : "=r" (result) );
1060:Drivers/CMSIS/Include/cmsis_gcc.h ****   return(result);
1061:Drivers/CMSIS/Include/cmsis_gcc.h **** }
1062:Drivers/CMSIS/Include/cmsis_gcc.h **** 
1063:Drivers/CMSIS/Include/cmsis_gcc.h **** 
1064:Drivers/CMSIS/Include/cmsis_gcc.h **** /**
1065:Drivers/CMSIS/Include/cmsis_gcc.h ****   \brief   Get Process Stack Pointer
1066:Drivers/CMSIS/Include/cmsis_gcc.h ****   \details Returns the current value of the Process Stack Pointer (PSP).
1067:Drivers/CMSIS/Include/cmsis_gcc.h ****   \return               PSP Register value
1068:Drivers/CMSIS/Include/cmsis_gcc.h ****  */
1069:Drivers/CMSIS/Include/cmsis_gcc.h **** __STATIC_FORCEINLINE uint32_t __get_PSP(void)
1070:Drivers/CMSIS/Include/cmsis_gcc.h **** {
1071:Drivers/CMSIS/Include/cmsis_gcc.h ****   uint32_t result;
1072:Drivers/CMSIS/Include/cmsis_gcc.h **** 
1073:Drivers/CMSIS/Include/cmsis_gcc.h ****   __ASM volatile ("MRS %0, psp"  : "=r" (result) );
1074:Drivers/CMSIS/Include/cmsis_gcc.h ****   return(result);
1075:Drivers/CMSIS/Include/cmsis_gcc.h **** }
1076:Drivers/CMSIS/Include/cmsis_gcc.h **** 
1077:Drivers/CMSIS/Include/cmsis_gcc.h **** 
1078:Drivers/CMSIS/Include/cmsis_gcc.h **** #if (defined (__ARM_FEATURE_CMSE ) && (__ARM_FEATURE_CMSE == 3))
1079:Drivers/CMSIS/Include/cmsis_gcc.h **** /**
1080:Drivers/CMSIS/Include/cmsis_gcc.h ****   \brief   Get Process Stack Pointer (non-secure)
1081:Drivers/CMSIS/Include/cmsis_gcc.h ****   \details Returns the current value of the non-secure Process Stack Pointer (PSP) when in secure s
1082:Drivers/CMSIS/Include/cmsis_gcc.h ****   \return               PSP Register value
1083:Drivers/CMSIS/Include/cmsis_gcc.h ****  */
ARM GAS  /tmp/ccEYOayA.s 			page 31


1084:Drivers/CMSIS/Include/cmsis_gcc.h **** __STATIC_FORCEINLINE uint32_t __TZ_get_PSP_NS(void)
1085:Drivers/CMSIS/Include/cmsis_gcc.h **** {
1086:Drivers/CMSIS/Include/cmsis_gcc.h ****   uint32_t result;
1087:Drivers/CMSIS/Include/cmsis_gcc.h **** 
1088:Drivers/CMSIS/Include/cmsis_gcc.h ****   __ASM volatile ("MRS %0, psp_ns"  : "=r" (result) );
1089:Drivers/CMSIS/Include/cmsis_gcc.h ****   return(result);
1090:Drivers/CMSIS/Include/cmsis_gcc.h **** }
1091:Drivers/CMSIS/Include/cmsis_gcc.h **** #endif
1092:Drivers/CMSIS/Include/cmsis_gcc.h **** 
1093:Drivers/CMSIS/Include/cmsis_gcc.h **** 
1094:Drivers/CMSIS/Include/cmsis_gcc.h **** /**
1095:Drivers/CMSIS/Include/cmsis_gcc.h ****   \brief   Set Process Stack Pointer
1096:Drivers/CMSIS/Include/cmsis_gcc.h ****   \details Assigns the given value to the Process Stack Pointer (PSP).
1097:Drivers/CMSIS/Include/cmsis_gcc.h ****   \param [in]    topOfProcStack  Process Stack Pointer value to set
1098:Drivers/CMSIS/Include/cmsis_gcc.h ****  */
1099:Drivers/CMSIS/Include/cmsis_gcc.h **** __STATIC_FORCEINLINE void __set_PSP(uint32_t topOfProcStack)
1100:Drivers/CMSIS/Include/cmsis_gcc.h **** {
1101:Drivers/CMSIS/Include/cmsis_gcc.h ****   __ASM volatile ("MSR psp, %0" : : "r" (topOfProcStack) : );
1102:Drivers/CMSIS/Include/cmsis_gcc.h **** }
1103:Drivers/CMSIS/Include/cmsis_gcc.h **** 
1104:Drivers/CMSIS/Include/cmsis_gcc.h **** 
1105:Drivers/CMSIS/Include/cmsis_gcc.h **** #if (defined (__ARM_FEATURE_CMSE ) && (__ARM_FEATURE_CMSE == 3))
1106:Drivers/CMSIS/Include/cmsis_gcc.h **** /**
1107:Drivers/CMSIS/Include/cmsis_gcc.h ****   \brief   Set Process Stack Pointer (non-secure)
1108:Drivers/CMSIS/Include/cmsis_gcc.h ****   \details Assigns the given value to the non-secure Process Stack Pointer (PSP) when in secure sta
1109:Drivers/CMSIS/Include/cmsis_gcc.h ****   \param [in]    topOfProcStack  Process Stack Pointer value to set
1110:Drivers/CMSIS/Include/cmsis_gcc.h ****  */
1111:Drivers/CMSIS/Include/cmsis_gcc.h **** __STATIC_FORCEINLINE void __TZ_set_PSP_NS(uint32_t topOfProcStack)
1112:Drivers/CMSIS/Include/cmsis_gcc.h **** {
1113:Drivers/CMSIS/Include/cmsis_gcc.h ****   __ASM volatile ("MSR psp_ns, %0" : : "r" (topOfProcStack) : );
1114:Drivers/CMSIS/Include/cmsis_gcc.h **** }
1115:Drivers/CMSIS/Include/cmsis_gcc.h **** #endif
1116:Drivers/CMSIS/Include/cmsis_gcc.h **** 
1117:Drivers/CMSIS/Include/cmsis_gcc.h **** 
1118:Drivers/CMSIS/Include/cmsis_gcc.h **** /**
1119:Drivers/CMSIS/Include/cmsis_gcc.h ****   \brief   Get Main Stack Pointer
1120:Drivers/CMSIS/Include/cmsis_gcc.h ****   \details Returns the current value of the Main Stack Pointer (MSP).
1121:Drivers/CMSIS/Include/cmsis_gcc.h ****   \return               MSP Register value
1122:Drivers/CMSIS/Include/cmsis_gcc.h ****  */
1123:Drivers/CMSIS/Include/cmsis_gcc.h **** __STATIC_FORCEINLINE uint32_t __get_MSP(void)
1124:Drivers/CMSIS/Include/cmsis_gcc.h **** {
1125:Drivers/CMSIS/Include/cmsis_gcc.h ****   uint32_t result;
1126:Drivers/CMSIS/Include/cmsis_gcc.h **** 
1127:Drivers/CMSIS/Include/cmsis_gcc.h ****   __ASM volatile ("MRS %0, msp" : "=r" (result) );
1128:Drivers/CMSIS/Include/cmsis_gcc.h ****   return(result);
1129:Drivers/CMSIS/Include/cmsis_gcc.h **** }
1130:Drivers/CMSIS/Include/cmsis_gcc.h **** 
1131:Drivers/CMSIS/Include/cmsis_gcc.h **** 
1132:Drivers/CMSIS/Include/cmsis_gcc.h **** #if (defined (__ARM_FEATURE_CMSE ) && (__ARM_FEATURE_CMSE == 3))
1133:Drivers/CMSIS/Include/cmsis_gcc.h **** /**
1134:Drivers/CMSIS/Include/cmsis_gcc.h ****   \brief   Get Main Stack Pointer (non-secure)
1135:Drivers/CMSIS/Include/cmsis_gcc.h ****   \details Returns the current value of the non-secure Main Stack Pointer (MSP) when in secure stat
1136:Drivers/CMSIS/Include/cmsis_gcc.h ****   \return               MSP Register value
1137:Drivers/CMSIS/Include/cmsis_gcc.h ****  */
1138:Drivers/CMSIS/Include/cmsis_gcc.h **** __STATIC_FORCEINLINE uint32_t __TZ_get_MSP_NS(void)
1139:Drivers/CMSIS/Include/cmsis_gcc.h **** {
1140:Drivers/CMSIS/Include/cmsis_gcc.h ****   uint32_t result;
ARM GAS  /tmp/ccEYOayA.s 			page 32


1141:Drivers/CMSIS/Include/cmsis_gcc.h **** 
1142:Drivers/CMSIS/Include/cmsis_gcc.h ****   __ASM volatile ("MRS %0, msp_ns" : "=r" (result) );
1143:Drivers/CMSIS/Include/cmsis_gcc.h ****   return(result);
1144:Drivers/CMSIS/Include/cmsis_gcc.h **** }
1145:Drivers/CMSIS/Include/cmsis_gcc.h **** #endif
1146:Drivers/CMSIS/Include/cmsis_gcc.h **** 
1147:Drivers/CMSIS/Include/cmsis_gcc.h **** 
1148:Drivers/CMSIS/Include/cmsis_gcc.h **** /**
1149:Drivers/CMSIS/Include/cmsis_gcc.h ****   \brief   Set Main Stack Pointer
1150:Drivers/CMSIS/Include/cmsis_gcc.h ****   \details Assigns the given value to the Main Stack Pointer (MSP).
1151:Drivers/CMSIS/Include/cmsis_gcc.h ****   \param [in]    topOfMainStack  Main Stack Pointer value to set
1152:Drivers/CMSIS/Include/cmsis_gcc.h ****  */
1153:Drivers/CMSIS/Include/cmsis_gcc.h **** __STATIC_FORCEINLINE void __set_MSP(uint32_t topOfMainStack)
 438              		.loc 2 1153 27 view .LVU106
 439              	.LBB40:
1154:Drivers/CMSIS/Include/cmsis_gcc.h **** {
1155:Drivers/CMSIS/Include/cmsis_gcc.h ****   __ASM volatile ("MSR msp, %0" : : "r" (topOfMainStack) : );
 440              		.loc 2 1155 3 view .LVU107
 441              		.syntax unified
 442              	@ 1155 "Drivers/CMSIS/Include/cmsis_gcc.h" 1
 443 00a8 85F30888 		MSR msp, r5
 444              	@ 0 "" 2
 445              	.LVL28:
 446              		.loc 2 1155 3 is_stmt 0 view .LVU108
 447              		.thumb
 448              		.syntax unified
 449              	.LBE40:
 450              	.LBE39:
 144:Core/Src/bootloader.c **** 
 145:Core/Src/bootloader.c **** 	__set_BASEPRI(0);
 451              		.loc 1 145 2 is_stmt 1 view .LVU109
 452              	.LBB41:
 453              	.LBI41:
1156:Drivers/CMSIS/Include/cmsis_gcc.h **** }
1157:Drivers/CMSIS/Include/cmsis_gcc.h **** 
1158:Drivers/CMSIS/Include/cmsis_gcc.h **** 
1159:Drivers/CMSIS/Include/cmsis_gcc.h **** #if (defined (__ARM_FEATURE_CMSE ) && (__ARM_FEATURE_CMSE == 3))
1160:Drivers/CMSIS/Include/cmsis_gcc.h **** /**
1161:Drivers/CMSIS/Include/cmsis_gcc.h ****   \brief   Set Main Stack Pointer (non-secure)
1162:Drivers/CMSIS/Include/cmsis_gcc.h ****   \details Assigns the given value to the non-secure Main Stack Pointer (MSP) when in secure state.
1163:Drivers/CMSIS/Include/cmsis_gcc.h ****   \param [in]    topOfMainStack  Main Stack Pointer value to set
1164:Drivers/CMSIS/Include/cmsis_gcc.h ****  */
1165:Drivers/CMSIS/Include/cmsis_gcc.h **** __STATIC_FORCEINLINE void __TZ_set_MSP_NS(uint32_t topOfMainStack)
1166:Drivers/CMSIS/Include/cmsis_gcc.h **** {
1167:Drivers/CMSIS/Include/cmsis_gcc.h ****   __ASM volatile ("MSR msp_ns, %0" : : "r" (topOfMainStack) : );
1168:Drivers/CMSIS/Include/cmsis_gcc.h **** }
1169:Drivers/CMSIS/Include/cmsis_gcc.h **** #endif
1170:Drivers/CMSIS/Include/cmsis_gcc.h **** 
1171:Drivers/CMSIS/Include/cmsis_gcc.h **** 
1172:Drivers/CMSIS/Include/cmsis_gcc.h **** #if (defined (__ARM_FEATURE_CMSE ) && (__ARM_FEATURE_CMSE == 3))
1173:Drivers/CMSIS/Include/cmsis_gcc.h **** /**
1174:Drivers/CMSIS/Include/cmsis_gcc.h ****   \brief   Get Stack Pointer (non-secure)
1175:Drivers/CMSIS/Include/cmsis_gcc.h ****   \details Returns the current value of the non-secure Stack Pointer (SP) when in secure state.
1176:Drivers/CMSIS/Include/cmsis_gcc.h ****   \return               SP Register value
1177:Drivers/CMSIS/Include/cmsis_gcc.h ****  */
1178:Drivers/CMSIS/Include/cmsis_gcc.h **** __STATIC_FORCEINLINE uint32_t __TZ_get_SP_NS(void)
1179:Drivers/CMSIS/Include/cmsis_gcc.h **** {
ARM GAS  /tmp/ccEYOayA.s 			page 33


1180:Drivers/CMSIS/Include/cmsis_gcc.h ****   uint32_t result;
1181:Drivers/CMSIS/Include/cmsis_gcc.h **** 
1182:Drivers/CMSIS/Include/cmsis_gcc.h ****   __ASM volatile ("MRS %0, sp_ns" : "=r" (result) );
1183:Drivers/CMSIS/Include/cmsis_gcc.h ****   return(result);
1184:Drivers/CMSIS/Include/cmsis_gcc.h **** }
1185:Drivers/CMSIS/Include/cmsis_gcc.h **** 
1186:Drivers/CMSIS/Include/cmsis_gcc.h **** 
1187:Drivers/CMSIS/Include/cmsis_gcc.h **** /**
1188:Drivers/CMSIS/Include/cmsis_gcc.h ****   \brief   Set Stack Pointer (non-secure)
1189:Drivers/CMSIS/Include/cmsis_gcc.h ****   \details Assigns the given value to the non-secure Stack Pointer (SP) when in secure state.
1190:Drivers/CMSIS/Include/cmsis_gcc.h ****   \param [in]    topOfStack  Stack Pointer value to set
1191:Drivers/CMSIS/Include/cmsis_gcc.h ****  */
1192:Drivers/CMSIS/Include/cmsis_gcc.h **** __STATIC_FORCEINLINE void __TZ_set_SP_NS(uint32_t topOfStack)
1193:Drivers/CMSIS/Include/cmsis_gcc.h **** {
1194:Drivers/CMSIS/Include/cmsis_gcc.h ****   __ASM volatile ("MSR sp_ns, %0" : : "r" (topOfStack) : );
1195:Drivers/CMSIS/Include/cmsis_gcc.h **** }
1196:Drivers/CMSIS/Include/cmsis_gcc.h **** #endif
1197:Drivers/CMSIS/Include/cmsis_gcc.h **** 
1198:Drivers/CMSIS/Include/cmsis_gcc.h **** 
1199:Drivers/CMSIS/Include/cmsis_gcc.h **** /**
1200:Drivers/CMSIS/Include/cmsis_gcc.h ****   \brief   Get Priority Mask
1201:Drivers/CMSIS/Include/cmsis_gcc.h ****   \details Returns the current state of the priority mask bit from the Priority Mask Register.
1202:Drivers/CMSIS/Include/cmsis_gcc.h ****   \return               Priority Mask value
1203:Drivers/CMSIS/Include/cmsis_gcc.h ****  */
1204:Drivers/CMSIS/Include/cmsis_gcc.h **** __STATIC_FORCEINLINE uint32_t __get_PRIMASK(void)
1205:Drivers/CMSIS/Include/cmsis_gcc.h **** {
1206:Drivers/CMSIS/Include/cmsis_gcc.h ****   uint32_t result;
1207:Drivers/CMSIS/Include/cmsis_gcc.h **** 
1208:Drivers/CMSIS/Include/cmsis_gcc.h ****   __ASM volatile ("MRS %0, primask" : "=r" (result) );
1209:Drivers/CMSIS/Include/cmsis_gcc.h ****   return(result);
1210:Drivers/CMSIS/Include/cmsis_gcc.h **** }
1211:Drivers/CMSIS/Include/cmsis_gcc.h **** 
1212:Drivers/CMSIS/Include/cmsis_gcc.h **** 
1213:Drivers/CMSIS/Include/cmsis_gcc.h **** #if (defined (__ARM_FEATURE_CMSE ) && (__ARM_FEATURE_CMSE == 3))
1214:Drivers/CMSIS/Include/cmsis_gcc.h **** /**
1215:Drivers/CMSIS/Include/cmsis_gcc.h ****   \brief   Get Priority Mask (non-secure)
1216:Drivers/CMSIS/Include/cmsis_gcc.h ****   \details Returns the current state of the non-secure priority mask bit from the Priority Mask Reg
1217:Drivers/CMSIS/Include/cmsis_gcc.h ****   \return               Priority Mask value
1218:Drivers/CMSIS/Include/cmsis_gcc.h ****  */
1219:Drivers/CMSIS/Include/cmsis_gcc.h **** __STATIC_FORCEINLINE uint32_t __TZ_get_PRIMASK_NS(void)
1220:Drivers/CMSIS/Include/cmsis_gcc.h **** {
1221:Drivers/CMSIS/Include/cmsis_gcc.h ****   uint32_t result;
1222:Drivers/CMSIS/Include/cmsis_gcc.h **** 
1223:Drivers/CMSIS/Include/cmsis_gcc.h ****   __ASM volatile ("MRS %0, primask_ns" : "=r" (result) );
1224:Drivers/CMSIS/Include/cmsis_gcc.h ****   return(result);
1225:Drivers/CMSIS/Include/cmsis_gcc.h **** }
1226:Drivers/CMSIS/Include/cmsis_gcc.h **** #endif
1227:Drivers/CMSIS/Include/cmsis_gcc.h **** 
1228:Drivers/CMSIS/Include/cmsis_gcc.h **** 
1229:Drivers/CMSIS/Include/cmsis_gcc.h **** /**
1230:Drivers/CMSIS/Include/cmsis_gcc.h ****   \brief   Set Priority Mask
1231:Drivers/CMSIS/Include/cmsis_gcc.h ****   \details Assigns the given value to the Priority Mask Register.
1232:Drivers/CMSIS/Include/cmsis_gcc.h ****   \param [in]    priMask  Priority Mask
1233:Drivers/CMSIS/Include/cmsis_gcc.h ****  */
1234:Drivers/CMSIS/Include/cmsis_gcc.h **** __STATIC_FORCEINLINE void __set_PRIMASK(uint32_t priMask)
1235:Drivers/CMSIS/Include/cmsis_gcc.h **** {
1236:Drivers/CMSIS/Include/cmsis_gcc.h ****   __ASM volatile ("MSR primask, %0" : : "r" (priMask) : "memory");
ARM GAS  /tmp/ccEYOayA.s 			page 34


1237:Drivers/CMSIS/Include/cmsis_gcc.h **** }
1238:Drivers/CMSIS/Include/cmsis_gcc.h **** 
1239:Drivers/CMSIS/Include/cmsis_gcc.h **** 
1240:Drivers/CMSIS/Include/cmsis_gcc.h **** #if (defined (__ARM_FEATURE_CMSE ) && (__ARM_FEATURE_CMSE == 3))
1241:Drivers/CMSIS/Include/cmsis_gcc.h **** /**
1242:Drivers/CMSIS/Include/cmsis_gcc.h ****   \brief   Set Priority Mask (non-secure)
1243:Drivers/CMSIS/Include/cmsis_gcc.h ****   \details Assigns the given value to the non-secure Priority Mask Register when in secure state.
1244:Drivers/CMSIS/Include/cmsis_gcc.h ****   \param [in]    priMask  Priority Mask
1245:Drivers/CMSIS/Include/cmsis_gcc.h ****  */
1246:Drivers/CMSIS/Include/cmsis_gcc.h **** __STATIC_FORCEINLINE void __TZ_set_PRIMASK_NS(uint32_t priMask)
1247:Drivers/CMSIS/Include/cmsis_gcc.h **** {
1248:Drivers/CMSIS/Include/cmsis_gcc.h ****   __ASM volatile ("MSR primask_ns, %0" : : "r" (priMask) : "memory");
1249:Drivers/CMSIS/Include/cmsis_gcc.h **** }
1250:Drivers/CMSIS/Include/cmsis_gcc.h **** #endif
1251:Drivers/CMSIS/Include/cmsis_gcc.h **** 
1252:Drivers/CMSIS/Include/cmsis_gcc.h **** 
1253:Drivers/CMSIS/Include/cmsis_gcc.h **** #if ((defined (__ARM_ARCH_7M__      ) && (__ARM_ARCH_7M__      == 1)) || \
1254:Drivers/CMSIS/Include/cmsis_gcc.h ****      (defined (__ARM_ARCH_7EM__     ) && (__ARM_ARCH_7EM__     == 1)) || \
1255:Drivers/CMSIS/Include/cmsis_gcc.h ****      (defined (__ARM_ARCH_8M_MAIN__ ) && (__ARM_ARCH_8M_MAIN__ == 1))    )
1256:Drivers/CMSIS/Include/cmsis_gcc.h **** /**
1257:Drivers/CMSIS/Include/cmsis_gcc.h ****   \brief   Enable FIQ
1258:Drivers/CMSIS/Include/cmsis_gcc.h ****   \details Enables FIQ interrupts by clearing special-purpose register FAULTMASK.
1259:Drivers/CMSIS/Include/cmsis_gcc.h ****            Can only be executed in Privileged modes.
1260:Drivers/CMSIS/Include/cmsis_gcc.h ****  */
1261:Drivers/CMSIS/Include/cmsis_gcc.h **** __STATIC_FORCEINLINE void __enable_fault_irq(void)
1262:Drivers/CMSIS/Include/cmsis_gcc.h **** {
1263:Drivers/CMSIS/Include/cmsis_gcc.h ****   __ASM volatile ("cpsie f" : : : "memory");
1264:Drivers/CMSIS/Include/cmsis_gcc.h **** }
1265:Drivers/CMSIS/Include/cmsis_gcc.h **** 
1266:Drivers/CMSIS/Include/cmsis_gcc.h **** 
1267:Drivers/CMSIS/Include/cmsis_gcc.h **** /**
1268:Drivers/CMSIS/Include/cmsis_gcc.h ****   \brief   Disable FIQ
1269:Drivers/CMSIS/Include/cmsis_gcc.h ****   \details Disables FIQ interrupts by setting special-purpose register FAULTMASK.
1270:Drivers/CMSIS/Include/cmsis_gcc.h ****            Can only be executed in Privileged modes.
1271:Drivers/CMSIS/Include/cmsis_gcc.h ****  */
1272:Drivers/CMSIS/Include/cmsis_gcc.h **** __STATIC_FORCEINLINE void __disable_fault_irq(void)
1273:Drivers/CMSIS/Include/cmsis_gcc.h **** {
1274:Drivers/CMSIS/Include/cmsis_gcc.h ****   __ASM volatile ("cpsid f" : : : "memory");
1275:Drivers/CMSIS/Include/cmsis_gcc.h **** }
1276:Drivers/CMSIS/Include/cmsis_gcc.h **** 
1277:Drivers/CMSIS/Include/cmsis_gcc.h **** 
1278:Drivers/CMSIS/Include/cmsis_gcc.h **** /**
1279:Drivers/CMSIS/Include/cmsis_gcc.h ****   \brief   Get Base Priority
1280:Drivers/CMSIS/Include/cmsis_gcc.h ****   \details Returns the current value of the Base Priority register.
1281:Drivers/CMSIS/Include/cmsis_gcc.h ****   \return               Base Priority register value
1282:Drivers/CMSIS/Include/cmsis_gcc.h ****  */
1283:Drivers/CMSIS/Include/cmsis_gcc.h **** __STATIC_FORCEINLINE uint32_t __get_BASEPRI(void)
1284:Drivers/CMSIS/Include/cmsis_gcc.h **** {
1285:Drivers/CMSIS/Include/cmsis_gcc.h ****   uint32_t result;
1286:Drivers/CMSIS/Include/cmsis_gcc.h **** 
1287:Drivers/CMSIS/Include/cmsis_gcc.h ****   __ASM volatile ("MRS %0, basepri" : "=r" (result) );
1288:Drivers/CMSIS/Include/cmsis_gcc.h ****   return(result);
1289:Drivers/CMSIS/Include/cmsis_gcc.h **** }
1290:Drivers/CMSIS/Include/cmsis_gcc.h **** 
1291:Drivers/CMSIS/Include/cmsis_gcc.h **** 
1292:Drivers/CMSIS/Include/cmsis_gcc.h **** #if (defined (__ARM_FEATURE_CMSE ) && (__ARM_FEATURE_CMSE == 3))
1293:Drivers/CMSIS/Include/cmsis_gcc.h **** /**
ARM GAS  /tmp/ccEYOayA.s 			page 35


1294:Drivers/CMSIS/Include/cmsis_gcc.h ****   \brief   Get Base Priority (non-secure)
1295:Drivers/CMSIS/Include/cmsis_gcc.h ****   \details Returns the current value of the non-secure Base Priority register when in secure state.
1296:Drivers/CMSIS/Include/cmsis_gcc.h ****   \return               Base Priority register value
1297:Drivers/CMSIS/Include/cmsis_gcc.h ****  */
1298:Drivers/CMSIS/Include/cmsis_gcc.h **** __STATIC_FORCEINLINE uint32_t __TZ_get_BASEPRI_NS(void)
1299:Drivers/CMSIS/Include/cmsis_gcc.h **** {
1300:Drivers/CMSIS/Include/cmsis_gcc.h ****   uint32_t result;
1301:Drivers/CMSIS/Include/cmsis_gcc.h **** 
1302:Drivers/CMSIS/Include/cmsis_gcc.h ****   __ASM volatile ("MRS %0, basepri_ns" : "=r" (result) );
1303:Drivers/CMSIS/Include/cmsis_gcc.h ****   return(result);
1304:Drivers/CMSIS/Include/cmsis_gcc.h **** }
1305:Drivers/CMSIS/Include/cmsis_gcc.h **** #endif
1306:Drivers/CMSIS/Include/cmsis_gcc.h **** 
1307:Drivers/CMSIS/Include/cmsis_gcc.h **** 
1308:Drivers/CMSIS/Include/cmsis_gcc.h **** /**
1309:Drivers/CMSIS/Include/cmsis_gcc.h ****   \brief   Set Base Priority
1310:Drivers/CMSIS/Include/cmsis_gcc.h ****   \details Assigns the given value to the Base Priority register.
1311:Drivers/CMSIS/Include/cmsis_gcc.h ****   \param [in]    basePri  Base Priority value to set
1312:Drivers/CMSIS/Include/cmsis_gcc.h ****  */
1313:Drivers/CMSIS/Include/cmsis_gcc.h **** __STATIC_FORCEINLINE void __set_BASEPRI(uint32_t basePri)
 454              		.loc 2 1313 27 view .LVU110
 455              	.LBB42:
1314:Drivers/CMSIS/Include/cmsis_gcc.h **** {
1315:Drivers/CMSIS/Include/cmsis_gcc.h ****   __ASM volatile ("MSR basepri, %0" : : "r" (basePri) : "memory");
 456              		.loc 2 1315 3 view .LVU111
 457              		.syntax unified
 458              	@ 1315 "Drivers/CMSIS/Include/cmsis_gcc.h" 1
 459 00ac 83F31188 		MSR basepri, r3
 460              	@ 0 "" 2
 461              	.LVL29:
 462              		.loc 2 1315 3 is_stmt 0 view .LVU112
 463              		.thumb
 464              		.syntax unified
 465              	.LBE42:
 466              	.LBE41:
 146:Core/Src/bootloader.c **** 	__set_FAULTMASK(0);
 467              		.loc 1 146 2 is_stmt 1 view .LVU113
 468              	.LBB43:
 469              	.LBI43:
1316:Drivers/CMSIS/Include/cmsis_gcc.h **** }
1317:Drivers/CMSIS/Include/cmsis_gcc.h **** 
1318:Drivers/CMSIS/Include/cmsis_gcc.h **** 
1319:Drivers/CMSIS/Include/cmsis_gcc.h **** #if (defined (__ARM_FEATURE_CMSE ) && (__ARM_FEATURE_CMSE == 3))
1320:Drivers/CMSIS/Include/cmsis_gcc.h **** /**
1321:Drivers/CMSIS/Include/cmsis_gcc.h ****   \brief   Set Base Priority (non-secure)
1322:Drivers/CMSIS/Include/cmsis_gcc.h ****   \details Assigns the given value to the non-secure Base Priority register when in secure state.
1323:Drivers/CMSIS/Include/cmsis_gcc.h ****   \param [in]    basePri  Base Priority value to set
1324:Drivers/CMSIS/Include/cmsis_gcc.h ****  */
1325:Drivers/CMSIS/Include/cmsis_gcc.h **** __STATIC_FORCEINLINE void __TZ_set_BASEPRI_NS(uint32_t basePri)
1326:Drivers/CMSIS/Include/cmsis_gcc.h **** {
1327:Drivers/CMSIS/Include/cmsis_gcc.h ****   __ASM volatile ("MSR basepri_ns, %0" : : "r" (basePri) : "memory");
1328:Drivers/CMSIS/Include/cmsis_gcc.h **** }
1329:Drivers/CMSIS/Include/cmsis_gcc.h **** #endif
1330:Drivers/CMSIS/Include/cmsis_gcc.h **** 
1331:Drivers/CMSIS/Include/cmsis_gcc.h **** 
1332:Drivers/CMSIS/Include/cmsis_gcc.h **** /**
1333:Drivers/CMSIS/Include/cmsis_gcc.h ****   \brief   Set Base Priority with condition
ARM GAS  /tmp/ccEYOayA.s 			page 36


1334:Drivers/CMSIS/Include/cmsis_gcc.h ****   \details Assigns the given value to the Base Priority register only if BASEPRI masking is disable
1335:Drivers/CMSIS/Include/cmsis_gcc.h ****            or the new value increases the BASEPRI priority level.
1336:Drivers/CMSIS/Include/cmsis_gcc.h ****   \param [in]    basePri  Base Priority value to set
1337:Drivers/CMSIS/Include/cmsis_gcc.h ****  */
1338:Drivers/CMSIS/Include/cmsis_gcc.h **** __STATIC_FORCEINLINE void __set_BASEPRI_MAX(uint32_t basePri)
1339:Drivers/CMSIS/Include/cmsis_gcc.h **** {
1340:Drivers/CMSIS/Include/cmsis_gcc.h ****   __ASM volatile ("MSR basepri_max, %0" : : "r" (basePri) : "memory");
1341:Drivers/CMSIS/Include/cmsis_gcc.h **** }
1342:Drivers/CMSIS/Include/cmsis_gcc.h **** 
1343:Drivers/CMSIS/Include/cmsis_gcc.h **** 
1344:Drivers/CMSIS/Include/cmsis_gcc.h **** /**
1345:Drivers/CMSIS/Include/cmsis_gcc.h ****   \brief   Get Fault Mask
1346:Drivers/CMSIS/Include/cmsis_gcc.h ****   \details Returns the current value of the Fault Mask register.
1347:Drivers/CMSIS/Include/cmsis_gcc.h ****   \return               Fault Mask register value
1348:Drivers/CMSIS/Include/cmsis_gcc.h ****  */
1349:Drivers/CMSIS/Include/cmsis_gcc.h **** __STATIC_FORCEINLINE uint32_t __get_FAULTMASK(void)
1350:Drivers/CMSIS/Include/cmsis_gcc.h **** {
1351:Drivers/CMSIS/Include/cmsis_gcc.h ****   uint32_t result;
1352:Drivers/CMSIS/Include/cmsis_gcc.h **** 
1353:Drivers/CMSIS/Include/cmsis_gcc.h ****   __ASM volatile ("MRS %0, faultmask" : "=r" (result) );
1354:Drivers/CMSIS/Include/cmsis_gcc.h ****   return(result);
1355:Drivers/CMSIS/Include/cmsis_gcc.h **** }
1356:Drivers/CMSIS/Include/cmsis_gcc.h **** 
1357:Drivers/CMSIS/Include/cmsis_gcc.h **** 
1358:Drivers/CMSIS/Include/cmsis_gcc.h **** #if (defined (__ARM_FEATURE_CMSE ) && (__ARM_FEATURE_CMSE == 3))
1359:Drivers/CMSIS/Include/cmsis_gcc.h **** /**
1360:Drivers/CMSIS/Include/cmsis_gcc.h ****   \brief   Get Fault Mask (non-secure)
1361:Drivers/CMSIS/Include/cmsis_gcc.h ****   \details Returns the current value of the non-secure Fault Mask register when in secure state.
1362:Drivers/CMSIS/Include/cmsis_gcc.h ****   \return               Fault Mask register value
1363:Drivers/CMSIS/Include/cmsis_gcc.h ****  */
1364:Drivers/CMSIS/Include/cmsis_gcc.h **** __STATIC_FORCEINLINE uint32_t __TZ_get_FAULTMASK_NS(void)
1365:Drivers/CMSIS/Include/cmsis_gcc.h **** {
1366:Drivers/CMSIS/Include/cmsis_gcc.h ****   uint32_t result;
1367:Drivers/CMSIS/Include/cmsis_gcc.h **** 
1368:Drivers/CMSIS/Include/cmsis_gcc.h ****   __ASM volatile ("MRS %0, faultmask_ns" : "=r" (result) );
1369:Drivers/CMSIS/Include/cmsis_gcc.h ****   return(result);
1370:Drivers/CMSIS/Include/cmsis_gcc.h **** }
1371:Drivers/CMSIS/Include/cmsis_gcc.h **** #endif
1372:Drivers/CMSIS/Include/cmsis_gcc.h **** 
1373:Drivers/CMSIS/Include/cmsis_gcc.h **** 
1374:Drivers/CMSIS/Include/cmsis_gcc.h **** /**
1375:Drivers/CMSIS/Include/cmsis_gcc.h ****   \brief   Set Fault Mask
1376:Drivers/CMSIS/Include/cmsis_gcc.h ****   \details Assigns the given value to the Fault Mask register.
1377:Drivers/CMSIS/Include/cmsis_gcc.h ****   \param [in]    faultMask  Fault Mask value to set
1378:Drivers/CMSIS/Include/cmsis_gcc.h ****  */
1379:Drivers/CMSIS/Include/cmsis_gcc.h **** __STATIC_FORCEINLINE void __set_FAULTMASK(uint32_t faultMask)
 470              		.loc 2 1379 27 view .LVU114
 471              	.LBB44:
1380:Drivers/CMSIS/Include/cmsis_gcc.h **** {
1381:Drivers/CMSIS/Include/cmsis_gcc.h ****   __ASM volatile ("MSR faultmask, %0" : : "r" (faultMask) : "memory");
 472              		.loc 2 1381 3 view .LVU115
 473              		.syntax unified
 474              	@ 1381 "Drivers/CMSIS/Include/cmsis_gcc.h" 1
 475 00b0 83F31388 		MSR faultmask, r3
 476              	@ 0 "" 2
 477              	.LVL30:
 478              		.loc 2 1381 3 is_stmt 0 view .LVU116
ARM GAS  /tmp/ccEYOayA.s 			page 37


 479              		.thumb
 480              		.syntax unified
 481              	.LBE44:
 482              	.LBE43:
 147:Core/Src/bootloader.c **** 	__enable_irq();
 483              		.loc 1 147 2 is_stmt 1 view .LVU117
 484              	.LBB45:
 485              	.LBI45:
 949:Drivers/CMSIS/Include/cmsis_gcc.h **** {
 486              		.loc 2 949 27 view .LVU118
 487              	.LBB46:
 951:Drivers/CMSIS/Include/cmsis_gcc.h **** }
 488              		.loc 2 951 3 view .LVU119
 489              		.syntax unified
 490              	@ 951 "Drivers/CMSIS/Include/cmsis_gcc.h" 1
 491 00b4 62B6     		cpsie i
 492              	@ 0 "" 2
 493              		.thumb
 494              		.syntax unified
 495              	.LBE46:
 496              	.LBE45:
 148:Core/Src/bootloader.c **** 
 149:Core/Src/bootloader.c **** 
 150:Core/Src/bootloader.c **** 	jump_to_reset(reset_addr);
 497              		.loc 1 150 2 view .LVU120
 498 00b6 2046     		mov	r0, r4
 499 00b8 FFF7FEFF 		bl	jump_to_reset
 500              	.LVL31:
 501              	.L18:
 502              		.align	2
 503              	.L17:
 504 00bc 00E100E0 		.word	-536813312
 505 00c0 00ED00E0 		.word	-536810240
 506 00c4 003C0240 		.word	1073888256
 507              		.cfi_endproc
 508              	.LFE138:
 510              		.section	.rodata.bcb_reset.str1.4,"aMS",%progbits,1
 511              		.align	2
 512              	.LC2:
 513 0000 6263625F 		.ascii	"bcb_reset: erase failed, BCB not written\015\000"
 513      72657365 
 513      743A2065 
 513      72617365 
 513      20666169 
 514 002a 0000     		.align	2
 515              	.LC3:
 516 002c 76616C75 		.ascii	"value: %lu\015\012\000"
 516      653A2025 
 516      6C750D0A 
 516      00
 517              		.section	.text.bcb_reset,"ax",%progbits
 518              		.align	1
 519              		.global	bcb_reset
 520              		.syntax unified
 521              		.thumb
 522              		.thumb_func
 524              	bcb_reset:
ARM GAS  /tmp/ccEYOayA.s 			page 38


 525              	.LFB139:
 151:Core/Src/bootloader.c **** }
 152:Core/Src/bootloader.c **** 
 153:Core/Src/bootloader.c **** /*
 154:Core/Src/bootloader.c ****  *	This function clears the sector 2 memory region and creates a new BCB struct.
 155:Core/Src/bootloader.c ****  *	Then copies this struct into first couple words of the memory region.
 156:Core/Src/bootloader.c ****  *
 157:Core/Src/bootloader.c ****  *	Function should only really be used if there are errors with the BCB or accidently overwrite the
 158:Core/Src/bootloader.c ****  *	Makefile that uploads that uses the ARM toolset
 159:Core/Src/bootloader.c ****  */
 160:Core/Src/bootloader.c **** 
 161:Core/Src/bootloader.c **** 
 162:Core/Src/bootloader.c **** void bcb_reset(void){
 526              		.loc 1 162 21 view -0
 527              		.cfi_startproc
 528              		@ args = 0, pretend = 0, frame = 8
 529              		@ frame_needed = 0, uses_anonymous_args = 0
 530 0000 30B5     		push	{r4, r5, lr}
 531              	.LCFI7:
 532              		.cfi_def_cfa_offset 12
 533              		.cfi_offset 4, -12
 534              		.cfi_offset 5, -8
 535              		.cfi_offset 14, -4
 536 0002 83B0     		sub	sp, sp, #12
 537              	.LCFI8:
 538              		.cfi_def_cfa_offset 24
 163:Core/Src/bootloader.c **** 
 164:Core/Src/bootloader.c **** 	bcb_t bcb = {0};
 539              		.loc 1 164 2 view .LVU122
 540              		.loc 1 164 8 is_stmt 0 view .LVU123
 541 0004 0023     		movs	r3, #0
 542 0006 8DF80430 		strb	r3, [sp, #4]
 165:Core/Src/bootloader.c **** 	bcb.active_slot = SLOT_A;
 543              		.loc 1 165 2 is_stmt 1 view .LVU124
 544              		.loc 1 165 18 is_stmt 0 view .LVU125
 545 000a 0121     		movs	r1, #1
 546 000c 8DF80410 		strb	r1, [sp, #4]
 166:Core/Src/bootloader.c **** 	int num_word = (sizeof(bcb_t) + 3)/4;
 547              		.loc 1 166 2 is_stmt 1 view .LVU126
 548              	.LVL32:
 167:Core/Src/bootloader.c **** 
 168:Core/Src/bootloader.c **** 	if (flash_erase_sectors(FLASH_SECTOR_2, 1) != HAL_OK) {
 549              		.loc 1 168 2 view .LVU127
 550              		.loc 1 168 6 is_stmt 0 view .LVU128
 551 0010 0220     		movs	r0, #2
 552 0012 FFF7FEFF 		bl	flash_erase_sectors
 553              	.LVL33:
 554              		.loc 1 168 5 discriminator 1 view .LVU129
 555 0016 20B1     		cbz	r0, .L20
 556              	.LBB47:
 169:Core/Src/bootloader.c **** 		printf("bcb_reset: erase failed, BCB not written\r\n");
 557              		.loc 1 169 3 is_stmt 1 view .LVU130
 558 0018 0F48     		ldr	r0, .L25
 559 001a FFF7FEFF 		bl	puts
 560              	.LVL34:
 170:Core/Src/bootloader.c **** 		return;
 561              		.loc 1 170 3 view .LVU131
ARM GAS  /tmp/ccEYOayA.s 			page 39


 562              	.L19:
 563              	.LBE47:
 171:Core/Src/bootloader.c **** 	}
 172:Core/Src/bootloader.c **** 
 173:Core/Src/bootloader.c **** 	HAL_FLASH_Unlock();
 174:Core/Src/bootloader.c **** 		for(int i = 0; i < num_word; i ++){
 175:Core/Src/bootloader.c **** 
 176:Core/Src/bootloader.c **** 			HAL_FLASH_Program(FLASH_TYPEPROGRAM_WORD, BCB_SEC + (i * 4) , *(((uint32_t *)&bcb) + i));
 177:Core/Src/bootloader.c **** 			printf("value: %lu\r\n", (unsigned long)*(((uint32_t *)&bcb) + i));
 178:Core/Src/bootloader.c **** 		}
 179:Core/Src/bootloader.c **** 	HAL_FLASH_Lock();
 180:Core/Src/bootloader.c **** }
 564              		.loc 1 180 1 is_stmt 0 view .LVU132
 565 001e 03B0     		add	sp, sp, #12
 566              	.LCFI9:
 567              		.cfi_remember_state
 568              		.cfi_def_cfa_offset 12
 569              		@ sp needed
 570 0020 30BD     		pop	{r4, r5, pc}
 571              	.L20:
 572              	.LCFI10:
 573              		.cfi_restore_state
 173:Core/Src/bootloader.c **** 		for(int i = 0; i < num_word; i ++){
 574              		.loc 1 173 2 is_stmt 1 view .LVU133
 575 0022 FFF7FEFF 		bl	HAL_FLASH_Unlock
 576              	.LVL35:
 174:Core/Src/bootloader.c **** 
 577              		.loc 1 174 3 view .LVU134
 578              	.LBB48:
 174:Core/Src/bootloader.c **** 
 579              		.loc 1 174 7 view .LVU135
 174:Core/Src/bootloader.c **** 
 580              		.loc 1 174 11 is_stmt 0 view .LVU136
 581 0026 0024     		movs	r4, #0
 582              	.LVL36:
 583              	.L22:
 174:Core/Src/bootloader.c **** 
 584              		.loc 1 174 20 is_stmt 1 discriminator 1 view .LVU137
 585 0028 002C     		cmp	r4, #0
 586 002a 02DD     		ble	.L23
 587              	.LBE48:
 179:Core/Src/bootloader.c **** }
 588              		.loc 1 179 2 view .LVU138
 589 002c FFF7FEFF 		bl	HAL_FLASH_Lock
 590              	.LVL37:
 591 0030 F5E7     		b	.L19
 592              	.L23:
 593              	.LBB50:
 594              	.LBB49:
 176:Core/Src/bootloader.c **** 			printf("value: %lu\r\n", (unsigned long)*(((uint32_t *)&bcb) + i));
 595              		.loc 1 176 4 view .LVU139
 176:Core/Src/bootloader.c **** 			printf("value: %lu\r\n", (unsigned long)*(((uint32_t *)&bcb) + i));
 596              		.loc 1 176 59 is_stmt 0 view .LVU140
 597 0032 A100     		lsls	r1, r4, #2
 176:Core/Src/bootloader.c **** 			printf("value: %lu\r\n", (unsigned long)*(((uint32_t *)&bcb) + i));
 598              		.loc 1 176 87 view .LVU141
 599 0034 01AD     		add	r5, sp, #4
ARM GAS  /tmp/ccEYOayA.s 			page 40


 176:Core/Src/bootloader.c **** 			printf("value: %lu\r\n", (unsigned long)*(((uint32_t *)&bcb) + i));
 600              		.loc 1 176 4 view .LVU142
 601 0036 55F82420 		ldr	r2, [r5, r4, lsl #2]
 602 003a 0023     		movs	r3, #0
 603 003c 01F10061 		add	r1, r1, #134217728
 604 0040 01F50041 		add	r1, r1, #32768
 605 0044 0220     		movs	r0, #2
 606 0046 FFF7FEFF 		bl	HAL_FLASH_Program
 607              	.LVL38:
 177:Core/Src/bootloader.c **** 		}
 608              		.loc 1 177 4 is_stmt 1 view .LVU143
 609 004a 55F82410 		ldr	r1, [r5, r4, lsl #2]
 610 004e 0348     		ldr	r0, .L25+4
 611 0050 FFF7FEFF 		bl	printf
 612              	.LVL39:
 613              	.LBE49:
 174:Core/Src/bootloader.c **** 
 614              		.loc 1 174 34 discriminator 3 view .LVU144
 615 0054 0134     		adds	r4, r4, #1
 616              	.LVL40:
 174:Core/Src/bootloader.c **** 
 617              		.loc 1 174 34 is_stmt 0 discriminator 3 view .LVU145
 618 0056 E7E7     		b	.L22
 619              	.L26:
 620              		.align	2
 621              	.L25:
 622 0058 00000000 		.word	.LC2
 623 005c 2C000000 		.word	.LC3
 624              	.LBE50:
 625              		.cfi_endproc
 626              	.LFE139:
 628              		.section	.rodata.bcb_slotswitch.str1.4,"aMS",%progbits,1
 629              		.align	2
 630              	.LC4:
 631 0000 696E7369 		.ascii	"inside bcb_slotswitch: %d\012\015\000"
 631      64652062 
 631      63625F73 
 631      6C6F7473 
 631      77697463 
 632              		.align	2
 633              	.LC5:
 634 001c 6263625F 		.ascii	"bcb_slotswitch: erase failed, BCB unchanged\015\000"
 634      736C6F74 
 634      73776974 
 634      63683A20 
 634      65726173 
 635 0049 000000   		.align	2
 636              	.LC6:
 637 004c 62636220 		.ascii	"bcb write failed at word %d err=0x%08lX\015\012\000"
 637      77726974 
 637      65206661 
 637      696C6564 
 637      20617420 
 638 0076 0000     		.align	2
 639              	.LC7:
 640 0078 77726974 		.ascii	"write sucessful in bcb\012\015\000"
 640      65207375 
ARM GAS  /tmp/ccEYOayA.s 			page 41


 640      63657373 
 640      66756C20 
 640      696E2062 
 641              		.section	.text.bcb_slotswitch,"ax",%progbits
 642              		.align	1
 643              		.global	bcb_slotswitch
 644              		.syntax unified
 645              		.thumb
 646              		.thumb_func
 648              	bcb_slotswitch:
 649              	.LVL41:
 650              	.LFB140:
 181:Core/Src/bootloader.c **** 
 182:Core/Src/bootloader.c **** void bcb_slotswitch(uint8_t active_slot){
 651              		.loc 1 182 41 is_stmt 1 view -0
 652              		.cfi_startproc
 653              		@ args = 0, pretend = 0, frame = 8
 654              		@ frame_needed = 0, uses_anonymous_args = 0
 655              		.loc 1 182 41 is_stmt 0 view .LVU147
 656 0000 10B5     		push	{r4, lr}
 657              	.LCFI11:
 658              		.cfi_def_cfa_offset 8
 659              		.cfi_offset 4, -8
 660              		.cfi_offset 14, -4
 661 0002 82B0     		sub	sp, sp, #8
 662              	.LCFI12:
 663              		.cfi_def_cfa_offset 16
 183:Core/Src/bootloader.c **** 
 184:Core/Src/bootloader.c **** 	bcb_t bcb = {0};
 664              		.loc 1 184 2 is_stmt 1 view .LVU148
 665              		.loc 1 184 8 is_stmt 0 view .LVU149
 666 0004 0023     		movs	r3, #0
 667 0006 8DF80430 		strb	r3, [sp, #4]
 185:Core/Src/bootloader.c **** 	bcb.active_slot = (active_slot) ? SLOT_A : SLOT_B;
 668              		.loc 1 185 2 is_stmt 1 view .LVU150
 669              		.loc 1 185 43 is_stmt 0 view .LVU151
 670 000a C11A     		subs	r1, r0, r3
 671 000c 18BF     		it	ne
 672 000e 0121     		movne	r1, #1
 673              		.loc 1 185 18 view .LVU152
 674 0010 8DF80410 		strb	r1, [sp, #4]
 186:Core/Src/bootloader.c **** 	printf("inside bcb_slotswitch: %d\n\r", bcb.active_slot);
 675              		.loc 1 186 2 is_stmt 1 view .LVU153
 676 0014 1848     		ldr	r0, .L36
 677              	.LVL42:
 678              		.loc 1 186 2 is_stmt 0 view .LVU154
 679 0016 FFF7FEFF 		bl	printf
 680              	.LVL43:
 187:Core/Src/bootloader.c **** 	int num_word = (sizeof(bcb_t) + 3)/4;
 681              		.loc 1 187 2 is_stmt 1 view .LVU155
 188:Core/Src/bootloader.c **** 
 189:Core/Src/bootloader.c **** 	if (flash_erase_sectors(FLASH_SECTOR_2, 1) != HAL_OK) {
 682              		.loc 1 189 2 view .LVU156
 683              		.loc 1 189 6 is_stmt 0 view .LVU157
 684 001a 0121     		movs	r1, #1
 685 001c 0220     		movs	r0, #2
 686 001e FFF7FEFF 		bl	flash_erase_sectors
ARM GAS  /tmp/ccEYOayA.s 			page 42


 687              	.LVL44:
 688              		.loc 1 189 5 discriminator 1 view .LVU158
 689 0022 20B1     		cbz	r0, .L28
 190:Core/Src/bootloader.c **** 		printf("bcb_slotswitch: erase failed, BCB unchanged\r\n");
 690              		.loc 1 190 3 is_stmt 1 view .LVU159
 691 0024 1548     		ldr	r0, .L36+4
 692 0026 FFF7FEFF 		bl	puts
 693              	.LVL45:
 191:Core/Src/bootloader.c **** 		return;
 694              		.loc 1 191 3 view .LVU160
 695              	.L27:
 192:Core/Src/bootloader.c **** 	}
 193:Core/Src/bootloader.c **** 
 194:Core/Src/bootloader.c **** 	HAL_FLASH_Unlock();
 195:Core/Src/bootloader.c **** 
 196:Core/Src/bootloader.c **** 	for(int i = 0; i < num_word; i ++){
 197:Core/Src/bootloader.c **** 		if (HAL_FLASH_Program(FLASH_TYPEPROGRAM_WORD, BCB_SEC + (i * 4),
 198:Core/Src/bootloader.c **** 		                      *(((uint32_t *)&bcb) + i)) != HAL_OK) {
 199:Core/Src/bootloader.c **** 			HAL_FLASH_Lock();
 200:Core/Src/bootloader.c **** 			printf("bcb write failed at word %d err=0x%08lX\r\n",
 201:Core/Src/bootloader.c **** 			       i, (unsigned long)HAL_FLASH_GetError());
 202:Core/Src/bootloader.c **** 			return;
 203:Core/Src/bootloader.c **** 		}
 204:Core/Src/bootloader.c **** 	}
 205:Core/Src/bootloader.c **** 	HAL_FLASH_Lock();
 206:Core/Src/bootloader.c **** 	printf("write sucessful in bcb\n\r");
 207:Core/Src/bootloader.c **** }
 696              		.loc 1 207 1 is_stmt 0 view .LVU161
 697 002a 02B0     		add	sp, sp, #8
 698              	.LCFI13:
 699              		.cfi_remember_state
 700              		.cfi_def_cfa_offset 8
 701              		@ sp needed
 702 002c 10BD     		pop	{r4, pc}
 703              	.L28:
 704              	.LCFI14:
 705              		.cfi_restore_state
 194:Core/Src/bootloader.c **** 
 706              		.loc 1 194 2 is_stmt 1 view .LVU162
 707 002e FFF7FEFF 		bl	HAL_FLASH_Unlock
 708              	.LVL46:
 196:Core/Src/bootloader.c **** 		if (HAL_FLASH_Program(FLASH_TYPEPROGRAM_WORD, BCB_SEC + (i * 4),
 709              		.loc 1 196 2 view .LVU163
 710              	.LBB51:
 196:Core/Src/bootloader.c **** 		if (HAL_FLASH_Program(FLASH_TYPEPROGRAM_WORD, BCB_SEC + (i * 4),
 711              		.loc 1 196 6 view .LVU164
 196:Core/Src/bootloader.c **** 		if (HAL_FLASH_Program(FLASH_TYPEPROGRAM_WORD, BCB_SEC + (i * 4),
 712              		.loc 1 196 10 is_stmt 0 view .LVU165
 713 0032 0024     		movs	r4, #0
 714              	.LVL47:
 715              	.L30:
 196:Core/Src/bootloader.c **** 		if (HAL_FLASH_Program(FLASH_TYPEPROGRAM_WORD, BCB_SEC + (i * 4),
 716              		.loc 1 196 19 is_stmt 1 discriminator 1 view .LVU166
 717 0034 002C     		cmp	r4, #0
 718 0036 05DD     		ble	.L32
 719              	.LBE51:
 205:Core/Src/bootloader.c **** 	printf("write sucessful in bcb\n\r");
ARM GAS  /tmp/ccEYOayA.s 			page 43


 720              		.loc 1 205 2 view .LVU167
 721 0038 FFF7FEFF 		bl	HAL_FLASH_Lock
 722              	.LVL48:
 206:Core/Src/bootloader.c **** }
 723              		.loc 1 206 2 view .LVU168
 724 003c 1048     		ldr	r0, .L36+8
 725 003e FFF7FEFF 		bl	printf
 726              	.LVL49:
 727 0042 F2E7     		b	.L27
 728              	.L32:
 729              	.LBB52:
 197:Core/Src/bootloader.c **** 		                      *(((uint32_t *)&bcb) + i)) != HAL_OK) {
 730              		.loc 1 197 3 view .LVU169
 197:Core/Src/bootloader.c **** 		                      *(((uint32_t *)&bcb) + i)) != HAL_OK) {
 731              		.loc 1 197 62 is_stmt 0 view .LVU170
 732 0044 A100     		lsls	r1, r4, #2
 197:Core/Src/bootloader.c **** 		                      *(((uint32_t *)&bcb) + i)) != HAL_OK) {
 733              		.loc 1 197 7 view .LVU171
 734 0046 01AB     		add	r3, sp, #4
 735 0048 53F82420 		ldr	r2, [r3, r4, lsl #2]
 736 004c 0023     		movs	r3, #0
 737 004e 01F10061 		add	r1, r1, #134217728
 738 0052 01F50041 		add	r1, r1, #32768
 739 0056 0220     		movs	r0, #2
 740 0058 FFF7FEFF 		bl	HAL_FLASH_Program
 741              	.LVL50:
 197:Core/Src/bootloader.c **** 		                      *(((uint32_t *)&bcb) + i)) != HAL_OK) {
 742              		.loc 1 197 6 discriminator 1 view .LVU172
 743 005c 08B9     		cbnz	r0, .L35
 196:Core/Src/bootloader.c **** 		if (HAL_FLASH_Program(FLASH_TYPEPROGRAM_WORD, BCB_SEC + (i * 4),
 744              		.loc 1 196 33 is_stmt 1 discriminator 2 view .LVU173
 745 005e 0134     		adds	r4, r4, #1
 746              	.LVL51:
 196:Core/Src/bootloader.c **** 		if (HAL_FLASH_Program(FLASH_TYPEPROGRAM_WORD, BCB_SEC + (i * 4),
 747              		.loc 1 196 33 is_stmt 0 discriminator 2 view .LVU174
 748 0060 E8E7     		b	.L30
 749              	.L35:
 199:Core/Src/bootloader.c **** 			printf("bcb write failed at word %d err=0x%08lX\r\n",
 750              		.loc 1 199 4 is_stmt 1 view .LVU175
 751 0062 FFF7FEFF 		bl	HAL_FLASH_Lock
 752              	.LVL52:
 200:Core/Src/bootloader.c **** 			       i, (unsigned long)HAL_FLASH_GetError());
 753              		.loc 1 200 4 view .LVU176
 201:Core/Src/bootloader.c **** 			return;
 754              		.loc 1 201 29 is_stmt 0 view .LVU177
 755 0066 FFF7FEFF 		bl	HAL_FLASH_GetError
 756              	.LVL53:
 757 006a 0246     		mov	r2, r0
 200:Core/Src/bootloader.c **** 			       i, (unsigned long)HAL_FLASH_GetError());
 758              		.loc 1 200 4 view .LVU178
 759 006c 2146     		mov	r1, r4
 760 006e 0548     		ldr	r0, .L36+12
 761 0070 FFF7FEFF 		bl	printf
 762              	.LVL54:
 202:Core/Src/bootloader.c **** 		}
 763              		.loc 1 202 4 is_stmt 1 view .LVU179
 764 0074 D9E7     		b	.L27
ARM GAS  /tmp/ccEYOayA.s 			page 44


 765              	.L37:
 766 0076 00BF     		.align	2
 767              	.L36:
 768 0078 00000000 		.word	.LC4
 769 007c 1C000000 		.word	.LC5
 770 0080 78000000 		.word	.LC7
 771 0084 4C000000 		.word	.LC6
 772              	.LBE52:
 773              		.cfi_endproc
 774              	.LFE140:
 776              		.section	.rodata.write_to_flash.str1.4,"aMS",%progbits,1
 777              		.align	2
 778              	.LC8:
 779 0000 4661696C 		.ascii	"Failed writing to memory at 0x%08lX err=0x%08lX\015"
 779      65642077 
 779      72697469 
 779      6E672074 
 779      6F206D65 
 780 0030 0A00     		.ascii	"\012\000"
 781 0032 0000     		.align	2
 782              	.LC9:
 783 0034 4661696C 		.ascii	"Failed writing to memory tail at 0x%08lX err=0x%08l"
 783      65642077 
 783      72697469 
 783      6E672074 
 783      6F206D65 
 784 0067 580D0A00 		.ascii	"X\015\012\000"
 785              		.section	.text.write_to_flash,"ax",%progbits
 786              		.align	1
 787              		.global	write_to_flash
 788              		.syntax unified
 789              		.thumb
 790              		.thumb_func
 792              	write_to_flash:
 793              	.LVL55:
 794              	.LFB141:
 208:Core/Src/bootloader.c **** 
 209:Core/Src/bootloader.c **** FlashStatus write_to_flash(fw_chunk_t* fw_chunk, uint32_t address){
 795              		.loc 1 209 67 view -0
 796              		.cfi_startproc
 797              		@ args = 0, pretend = 0, frame = 8
 798              		@ frame_needed = 0, uses_anonymous_args = 0
 210:Core/Src/bootloader.c **** 	uint16_t length = fw_chunk->length;
 799              		.loc 1 210 2 view .LVU181
 800              		.loc 1 210 11 is_stmt 0 view .LVU182
 801 0000 0288     		ldrh	r2, [r0]	@ unaligned
 802              	.LVL56:
 211:Core/Src/bootloader.c **** 
 212:Core/Src/bootloader.c **** 	if(length == 0) return FLASH_ERR;
 803              		.loc 1 212 2 is_stmt 1 view .LVU183
 804              		.loc 1 212 4 is_stmt 0 view .LVU184
 805 0002 0AB9     		cbnz	r2, .L50
 806              		.loc 1 212 25 discriminator 1 view .LVU185
 807 0004 0120     		movs	r0, #1
 808              	.LVL57:
 213:Core/Src/bootloader.c **** 
 214:Core/Src/bootloader.c **** 	const uint8_t *src = fw_chunk->fw_img;
ARM GAS  /tmp/ccEYOayA.s 			page 45


 215:Core/Src/bootloader.c **** 
 216:Core/Src/bootloader.c **** 	uint32_t n = length / 4;
 217:Core/Src/bootloader.c **** 	uint32_t offset = n * 4;
 218:Core/Src/bootloader.c **** 	uint32_t tail = length % 4;
 219:Core/Src/bootloader.c **** 
 220:Core/Src/bootloader.c **** 	HAL_FLASH_Unlock();
 221:Core/Src/bootloader.c **** 	for(uint32_t i = 0 ; i < n; i++){
 222:Core/Src/bootloader.c **** 		uint32_t val;
 223:Core/Src/bootloader.c **** 		memcpy(&val, &src[i*4], sizeof(uint32_t));
 224:Core/Src/bootloader.c **** 		uint32_t dst = address + (i * 4);
 225:Core/Src/bootloader.c **** 
 226:Core/Src/bootloader.c **** 		if(HAL_FLASH_Program(FLASH_TYPEPROGRAM_WORD, dst , val) != HAL_OK){
 227:Core/Src/bootloader.c **** 			HAL_FLASH_Lock();
 228:Core/Src/bootloader.c **** 			printf("Failed writing to memory at 0x%08lX err=0x%08lX\r\n",
 229:Core/Src/bootloader.c **** 			       (unsigned long)dst, (unsigned long)HAL_FLASH_GetError());
 230:Core/Src/bootloader.c **** 			return FLASH_ERR;
 231:Core/Src/bootloader.c **** 		}
 232:Core/Src/bootloader.c **** 	}
 233:Core/Src/bootloader.c **** 
 234:Core/Src/bootloader.c **** 	if(tail){
 235:Core/Src/bootloader.c **** 		uint32_t padding = 0xffffffff;
 236:Core/Src/bootloader.c **** 		memcpy(&padding, &src[offset], tail);
 237:Core/Src/bootloader.c **** 		if(HAL_FLASH_Program(FLASH_TYPEPROGRAM_WORD, address + offset, padding) != HAL_OK){
 238:Core/Src/bootloader.c **** 			HAL_FLASH_Lock();
 239:Core/Src/bootloader.c **** 			printf("Failed writing to memory tail at 0x%08lX err=0x%08lX\r\n",
 240:Core/Src/bootloader.c **** 			       (unsigned long)(address + offset),
 241:Core/Src/bootloader.c **** 			       (unsigned long)HAL_FLASH_GetError());
 242:Core/Src/bootloader.c **** 			return FLASH_ERR;
 243:Core/Src/bootloader.c **** 		}
 244:Core/Src/bootloader.c **** 	}
 245:Core/Src/bootloader.c **** 
 246:Core/Src/bootloader.c **** 	HAL_FLASH_Lock();
 247:Core/Src/bootloader.c **** 
 248:Core/Src/bootloader.c **** 	return FLASH_OK;
 249:Core/Src/bootloader.c **** }
 809              		.loc 1 249 1 view .LVU186
 810 0006 7047     		bx	lr
 811              	.LVL58:
 812              	.L50:
 209:Core/Src/bootloader.c **** 	uint16_t length = fw_chunk->length;
 813              		.loc 1 209 67 view .LVU187
 814 0008 2DE9F047 		push	{r4, r5, r6, r7, r8, r9, r10, lr}
 815              	.LCFI15:
 816              		.cfi_def_cfa_offset 32
 817              		.cfi_offset 4, -32
 818              		.cfi_offset 5, -28
 819              		.cfi_offset 6, -24
 820              		.cfi_offset 7, -20
 821              		.cfi_offset 8, -16
 822              		.cfi_offset 9, -12
 823              		.cfi_offset 10, -8
 824              		.cfi_offset 14, -4
 825 000c 82B0     		sub	sp, sp, #8
 826              	.LCFI16:
 827              		.cfi_def_cfa_offset 40
 828 000e 0F46     		mov	r7, r1
 214:Core/Src/bootloader.c **** 
ARM GAS  /tmp/ccEYOayA.s 			page 46


 829              		.loc 1 214 2 is_stmt 1 view .LVU188
 214:Core/Src/bootloader.c **** 
 830              		.loc 1 214 17 is_stmt 0 view .LVU189
 831 0010 C51D     		adds	r5, r0, #7
 832              	.LVL59:
 216:Core/Src/bootloader.c **** 	uint32_t offset = n * 4;
 833              		.loc 1 216 2 is_stmt 1 view .LVU190
 216:Core/Src/bootloader.c **** 	uint32_t offset = n * 4;
 834              		.loc 1 216 22 is_stmt 0 view .LVU191
 835 0012 4FEA9208 		lsr	r8, r2, #2
 836              	.LVL60:
 217:Core/Src/bootloader.c **** 	uint32_t tail = length % 4;
 837              		.loc 1 217 2 is_stmt 1 view .LVU192
 217:Core/Src/bootloader.c **** 	uint32_t tail = length % 4;
 838              		.loc 1 217 11 is_stmt 0 view .LVU193
 839 0016 4FEA8809 		lsl	r9, r8, #2
 840              	.LVL61:
 218:Core/Src/bootloader.c **** 
 841              		.loc 1 218 2 is_stmt 1 view .LVU194
 218:Core/Src/bootloader.c **** 
 842              		.loc 1 218 11 is_stmt 0 view .LVU195
 843 001a 02F0030A 		and	r10, r2, #3
 844              	.LVL62:
 220:Core/Src/bootloader.c **** 	for(uint32_t i = 0 ; i < n; i++){
 845              		.loc 1 220 2 is_stmt 1 view .LVU196
 846 001e FFF7FEFF 		bl	HAL_FLASH_Unlock
 847              	.LVL63:
 221:Core/Src/bootloader.c **** 		uint32_t val;
 848              		.loc 1 221 2 view .LVU197
 849              	.LBB53:
 221:Core/Src/bootloader.c **** 		uint32_t val;
 850              		.loc 1 221 6 view .LVU198
 221:Core/Src/bootloader.c **** 		uint32_t val;
 851              		.loc 1 221 15 is_stmt 0 view .LVU199
 852 0022 0024     		movs	r4, #0
 853              	.LVL64:
 854              	.L40:
 221:Core/Src/bootloader.c **** 		uint32_t val;
 855              		.loc 1 221 25 is_stmt 1 discriminator 1 view .LVU200
 856 0024 4445     		cmp	r4, r8
 857 0026 18D2     		bcs	.L51
 858              	.LBB54:
 222:Core/Src/bootloader.c **** 		memcpy(&val, &src[i*4], sizeof(uint32_t));
 859              		.loc 1 222 3 view .LVU201
 223:Core/Src/bootloader.c **** 		uint32_t dst = address + (i * 4);
 860              		.loc 1 223 3 view .LVU202
 861              	.LVL65:
 224:Core/Src/bootloader.c **** 
 862              		.loc 1 224 3 view .LVU203
 224:Core/Src/bootloader.c **** 
 863              		.loc 1 224 12 is_stmt 0 view .LVU204
 864 0028 07EB8406 		add	r6, r7, r4, lsl #2
 865              	.LVL66:
 226:Core/Src/bootloader.c **** 			HAL_FLASH_Lock();
 866              		.loc 1 226 3 is_stmt 1 view .LVU205
 226:Core/Src/bootloader.c **** 			HAL_FLASH_Lock();
 867              		.loc 1 226 6 is_stmt 0 view .LVU206
ARM GAS  /tmp/ccEYOayA.s 			page 47


 868 002c 55F82420 		ldr	r2, [r5, r4, lsl #2]	@ unaligned
 869              	.LVL67:
 226:Core/Src/bootloader.c **** 			HAL_FLASH_Lock();
 870              		.loc 1 226 6 view .LVU207
 871 0030 0023     		movs	r3, #0
 872 0032 3146     		mov	r1, r6
 873 0034 0220     		movs	r0, #2
 874 0036 FFF7FEFF 		bl	HAL_FLASH_Program
 875              	.LVL68:
 226:Core/Src/bootloader.c **** 			HAL_FLASH_Lock();
 876              		.loc 1 226 5 discriminator 1 view .LVU208
 877 003a 08B9     		cbnz	r0, .L52
 878              	.LBE54:
 221:Core/Src/bootloader.c **** 		uint32_t val;
 879              		.loc 1 221 31 is_stmt 1 discriminator 2 view .LVU209
 880 003c 0134     		adds	r4, r4, #1
 881              	.LVL69:
 221:Core/Src/bootloader.c **** 		uint32_t val;
 882              		.loc 1 221 31 is_stmt 0 discriminator 2 view .LVU210
 883 003e F1E7     		b	.L40
 884              	.L52:
 885              	.LBB56:
 886              	.LBB55:
 227:Core/Src/bootloader.c **** 			printf("Failed writing to memory at 0x%08lX err=0x%08lX\r\n",
 887              		.loc 1 227 4 is_stmt 1 view .LVU211
 888 0040 FFF7FEFF 		bl	HAL_FLASH_Lock
 889              	.LVL70:
 228:Core/Src/bootloader.c **** 			       (unsigned long)dst, (unsigned long)HAL_FLASH_GetError());
 890              		.loc 1 228 4 view .LVU212
 229:Core/Src/bootloader.c **** 			return FLASH_ERR;
 891              		.loc 1 229 46 is_stmt 0 view .LVU213
 892 0044 FFF7FEFF 		bl	HAL_FLASH_GetError
 893              	.LVL71:
 894 0048 0246     		mov	r2, r0
 228:Core/Src/bootloader.c **** 			       (unsigned long)dst, (unsigned long)HAL_FLASH_GetError());
 895              		.loc 1 228 4 view .LVU214
 896 004a 3146     		mov	r1, r6
 897 004c 1448     		ldr	r0, .L54
 898 004e FFF7FEFF 		bl	printf
 899              	.LVL72:
 230:Core/Src/bootloader.c **** 		}
 900              		.loc 1 230 4 is_stmt 1 view .LVU215
 230:Core/Src/bootloader.c **** 		}
 901              		.loc 1 230 11 is_stmt 0 view .LVU216
 902 0052 0120     		movs	r0, #1
 903              	.LVL73:
 904              	.L39:
 230:Core/Src/bootloader.c **** 		}
 905              		.loc 1 230 11 view .LVU217
 906              	.LBE55:
 907              	.LBE56:
 908              	.LBE53:
 909              		.loc 1 249 1 view .LVU218
 910 0054 02B0     		add	sp, sp, #8
 911              	.LCFI17:
 912              		.cfi_remember_state
 913              		.cfi_def_cfa_offset 32
ARM GAS  /tmp/ccEYOayA.s 			page 48


 914              		@ sp needed
 915 0056 BDE8F087 		pop	{r4, r5, r6, r7, r8, r9, r10, pc}
 916              	.LVL74:
 917              	.L51:
 918              	.LCFI18:
 919              		.cfi_restore_state
 234:Core/Src/bootloader.c **** 		uint32_t padding = 0xffffffff;
 920              		.loc 1 234 2 is_stmt 1 view .LVU219
 234:Core/Src/bootloader.c **** 		uint32_t padding = 0xffffffff;
 921              		.loc 1 234 4 is_stmt 0 view .LVU220
 922 005a BAF1000F 		cmp	r10, #0
 923 005e 10D0     		beq	.L43
 924              	.LBB57:
 235:Core/Src/bootloader.c **** 		memcpy(&padding, &src[offset], tail);
 925              		.loc 1 235 3 is_stmt 1 view .LVU221
 235:Core/Src/bootloader.c **** 		memcpy(&padding, &src[offset], tail);
 926              		.loc 1 235 12 is_stmt 0 view .LVU222
 927 0060 4FF0FF33 		mov	r3, #-1
 928 0064 0193     		str	r3, [sp, #4]
 236:Core/Src/bootloader.c **** 		if(HAL_FLASH_Program(FLASH_TYPEPROGRAM_WORD, address + offset, padding) != HAL_OK){
 929              		.loc 1 236 3 is_stmt 1 view .LVU223
 930 0066 5246     		mov	r2, r10
 931 0068 05EB0901 		add	r1, r5, r9
 932 006c 01A8     		add	r0, sp, #4
 933 006e FFF7FEFF 		bl	memcpy
 934              	.LVL75:
 237:Core/Src/bootloader.c **** 			HAL_FLASH_Lock();
 935              		.loc 1 237 3 view .LVU224
 237:Core/Src/bootloader.c **** 			HAL_FLASH_Lock();
 936              		.loc 1 237 6 is_stmt 0 view .LVU225
 937 0072 B944     		add	r9, r9, r7
 938              	.LVL76:
 237:Core/Src/bootloader.c **** 			HAL_FLASH_Lock();
 939              		.loc 1 237 6 view .LVU226
 940 0074 019A     		ldr	r2, [sp, #4]
 941 0076 0023     		movs	r3, #0
 942 0078 4946     		mov	r1, r9
 943 007a 0220     		movs	r0, #2
 944 007c FFF7FEFF 		bl	HAL_FLASH_Program
 945              	.LVL77:
 237:Core/Src/bootloader.c **** 			HAL_FLASH_Lock();
 946              		.loc 1 237 5 discriminator 1 view .LVU227
 947 0080 18B9     		cbnz	r0, .L53
 948              	.L43:
 237:Core/Src/bootloader.c **** 			HAL_FLASH_Lock();
 949              		.loc 1 237 5 discriminator 1 view .LVU228
 950              	.LBE57:
 246:Core/Src/bootloader.c **** 
 951              		.loc 1 246 2 is_stmt 1 view .LVU229
 952 0082 FFF7FEFF 		bl	HAL_FLASH_Lock
 953              	.LVL78:
 248:Core/Src/bootloader.c **** }
 954              		.loc 1 248 2 view .LVU230
 248:Core/Src/bootloader.c **** }
 955              		.loc 1 248 9 is_stmt 0 view .LVU231
 956 0086 0020     		movs	r0, #0
 957 0088 E4E7     		b	.L39
ARM GAS  /tmp/ccEYOayA.s 			page 49


 958              	.L53:
 959              	.LBB59:
 960              	.LBB58:
 238:Core/Src/bootloader.c **** 			printf("Failed writing to memory tail at 0x%08lX err=0x%08lX\r\n",
 961              		.loc 1 238 4 is_stmt 1 view .LVU232
 962 008a FFF7FEFF 		bl	HAL_FLASH_Lock
 963              	.LVL79:
 239:Core/Src/bootloader.c **** 			       (unsigned long)(address + offset),
 964              		.loc 1 239 4 view .LVU233
 241:Core/Src/bootloader.c **** 			return FLASH_ERR;
 965              		.loc 1 241 26 is_stmt 0 view .LVU234
 966 008e FFF7FEFF 		bl	HAL_FLASH_GetError
 967              	.LVL80:
 968 0092 0246     		mov	r2, r0
 239:Core/Src/bootloader.c **** 			       (unsigned long)(address + offset),
 969              		.loc 1 239 4 view .LVU235
 970 0094 4946     		mov	r1, r9
 971 0096 0348     		ldr	r0, .L54+4
 972 0098 FFF7FEFF 		bl	printf
 973              	.LVL81:
 242:Core/Src/bootloader.c **** 		}
 974              		.loc 1 242 4 is_stmt 1 view .LVU236
 242:Core/Src/bootloader.c **** 		}
 975              		.loc 1 242 11 is_stmt 0 view .LVU237
 976 009c 0120     		movs	r0, #1
 977 009e D9E7     		b	.L39
 978              	.L55:
 979              		.align	2
 980              	.L54:
 981 00a0 00000000 		.word	.LC8
 982 00a4 34000000 		.word	.LC9
 983              	.LBE58:
 984              	.LBE59:
 985              		.cfi_endproc
 986              	.LFE141:
 988              		.section	.text.compute_crc,"ax",%progbits
 989              		.align	1
 990              		.global	compute_crc
 991              		.syntax unified
 992              		.thumb
 993              		.thumb_func
 995              	compute_crc:
 996              	.LVL82:
 997              	.LFB142:
 250:Core/Src/bootloader.c **** 
 251:Core/Src/bootloader.c **** uint32_t compute_crc(const uint8_t *data, uint32_t len){
 998              		.loc 1 251 56 is_stmt 1 view -0
 999              		.cfi_startproc
 1000              		@ args = 0, pretend = 0, frame = 0
 1001              		@ frame_needed = 0, uses_anonymous_args = 0
 252:Core/Src/bootloader.c ****     uint32_t crc = 0xffffffffU;
 1002              		.loc 1 252 5 view .LVU239
 253:Core/Src/bootloader.c ****     while (len--) {
 1003              		.loc 1 253 5 view .LVU240
 252:Core/Src/bootloader.c ****     uint32_t crc = 0xffffffffU;
 1004              		.loc 1 252 14 is_stmt 0 view .LVU241
 1005 0000 4FF0FF32 		mov	r2, #-1
ARM GAS  /tmp/ccEYOayA.s 			page 50


 1006              	.LVL83:
 1007              	.L62:
 1008              		.loc 1 253 12 is_stmt 1 view .LVU242
 1009 0004 0B46     		mov	r3, r1
 1010              		.loc 1 253 15 is_stmt 0 view .LVU243
 1011 0006 0139     		subs	r1, r1, #1
 1012              	.LVL84:
 1013              		.loc 1 253 12 view .LVU244
 1014 0008 03B3     		cbz	r3, .L66
 254:Core/Src/bootloader.c ****         crc ^= (uint32_t)(*data++);
 1015              		.loc 1 254 9 is_stmt 1 view .LVU245
 1016              	.LVL85:
 1017              		.loc 1 254 27 is_stmt 0 view .LVU246
 1018 000a 10F8013B 		ldrb	r3, [r0], #1	@ zero_extendqisi2
 1019              	.LVL86:
 1020              		.loc 1 254 13 view .LVU247
 1021 000e 5A40     		eors	r2, r2, r3
 1022              	.LVL87:
 255:Core/Src/bootloader.c ****         for (int i = 0; i < 8; i++) {
 1023              		.loc 1 255 9 is_stmt 1 view .LVU248
 1024              	.LBB60:
 1025              		.loc 1 255 14 view .LVU249
 1026              		.loc 1 255 18 is_stmt 0 view .LVU250
 1027 0010 4FF0000C 		mov	ip, #0
 1028              	.LVL88:
 1029              		.loc 1 255 27 is_stmt 1 discriminator 1 view .LVU251
 1030 0014 BCF1070F 		cmp	ip, #7
 1031 0018 F4DC     		bgt	.L62
 1032              	.LBE60:
 251:Core/Src/bootloader.c ****     uint32_t crc = 0xffffffffU;
 1033              		.loc 1 251 56 is_stmt 0 view .LVU252
 1034 001a 00B5     		push	{lr}
 1035              	.LCFI19:
 1036              		.cfi_def_cfa_offset 4
 1037              		.cfi_offset 14, -4
 1038              	.L59:
 1039              	.LBB62:
 1040              	.LBB61:
 256:Core/Src/bootloader.c ****             uint32_t mask = -(crc & 1U);
 1041              		.loc 1 256 13 is_stmt 1 view .LVU253
 1042              		.loc 1 256 22 is_stmt 0 view .LVU254
 1043 001c 42F3000E 		sbfx	lr, r2, #0, #1
 1044              	.LVL89:
 257:Core/Src/bootloader.c ****             crc = (crc >> 1) ^ (0xEDB88320U & mask);
 1045              		.loc 1 257 13 is_stmt 1 view .LVU255
 1046              		.loc 1 257 45 is_stmt 0 view .LVU256
 1047 0020 0B4B     		ldr	r3, .L68
 1048 0022 0EEA0303 		and	r3, lr, r3
 1049              		.loc 1 257 17 view .LVU257
 1050 0026 83EA5202 		eor	r2, r3, r2, lsr #1
 1051              	.LVL90:
 1052              		.loc 1 257 17 view .LVU258
 1053              	.LBE61:
 255:Core/Src/bootloader.c ****             uint32_t mask = -(crc & 1U);
 1054              		.loc 1 255 33 is_stmt 1 discriminator 3 view .LVU259
 1055 002a 0CF1010C 		add	ip, ip, #1
 1056              	.LVL91:
ARM GAS  /tmp/ccEYOayA.s 			page 51


 1057              	.L58:
 255:Core/Src/bootloader.c ****             uint32_t mask = -(crc & 1U);
 1058              		.loc 1 255 27 discriminator 1 view .LVU260
 1059 002e BCF1070F 		cmp	ip, #7
 1060 0032 F3DD     		ble	.L59
 255:Core/Src/bootloader.c ****             uint32_t mask = -(crc & 1U);
 1061              		.loc 1 255 27 is_stmt 0 discriminator 1 view .LVU261
 1062              	.LBE62:
 253:Core/Src/bootloader.c ****         crc ^= (uint32_t)(*data++);
 1063              		.loc 1 253 12 is_stmt 1 view .LVU262
 1064 0034 0B46     		mov	r3, r1
 253:Core/Src/bootloader.c ****         crc ^= (uint32_t)(*data++);
 1065              		.loc 1 253 15 is_stmt 0 view .LVU263
 1066 0036 0139     		subs	r1, r1, #1
 1067              	.LVL92:
 253:Core/Src/bootloader.c ****         crc ^= (uint32_t)(*data++);
 1068              		.loc 1 253 12 view .LVU264
 1069 0038 2BB1     		cbz	r3, .L67
 254:Core/Src/bootloader.c ****         for (int i = 0; i < 8; i++) {
 1070              		.loc 1 254 9 is_stmt 1 view .LVU265
 1071              	.LVL93:
 254:Core/Src/bootloader.c ****         for (int i = 0; i < 8; i++) {
 1072              		.loc 1 254 27 is_stmt 0 view .LVU266
 1073 003a 10F8013B 		ldrb	r3, [r0], #1	@ zero_extendqisi2
 1074              	.LVL94:
 254:Core/Src/bootloader.c ****         for (int i = 0; i < 8; i++) {
 1075              		.loc 1 254 13 view .LVU267
 1076 003e 5A40     		eors	r2, r2, r3
 1077              	.LVL95:
 255:Core/Src/bootloader.c ****             uint32_t mask = -(crc & 1U);
 1078              		.loc 1 255 9 is_stmt 1 view .LVU268
 1079              	.LBB63:
 255:Core/Src/bootloader.c ****             uint32_t mask = -(crc & 1U);
 1080              		.loc 1 255 14 view .LVU269
 255:Core/Src/bootloader.c ****             uint32_t mask = -(crc & 1U);
 1081              		.loc 1 255 18 is_stmt 0 view .LVU270
 1082 0040 4FF0000C 		mov	ip, #0
 255:Core/Src/bootloader.c ****             uint32_t mask = -(crc & 1U);
 1083              		.loc 1 255 9 view .LVU271
 1084 0044 F3E7     		b	.L58
 1085              	.LVL96:
 1086              	.L67:
 255:Core/Src/bootloader.c ****             uint32_t mask = -(crc & 1U);
 1087              		.loc 1 255 9 view .LVU272
 1088              	.LBE63:
 258:Core/Src/bootloader.c ****         }
 259:Core/Src/bootloader.c ****     }
 260:Core/Src/bootloader.c ****     return crc ^ 0xffffffffU;
 1089              		.loc 1 260 5 is_stmt 1 view .LVU273
 261:Core/Src/bootloader.c **** }
 1090              		.loc 1 261 1 is_stmt 0 view .LVU274
 1091 0046 D043     		mvns	r0, r2
 1092              	.LVL97:
 1093              		.loc 1 261 1 view .LVU275
 1094 0048 5DF804FB 		ldr	pc, [sp], #4
 1095              	.LVL98:
 1096              	.L66:
ARM GAS  /tmp/ccEYOayA.s 			page 52


 1097              	.LCFI20:
 1098              		.cfi_def_cfa_offset 0
 1099              		.cfi_restore 14
 260:Core/Src/bootloader.c **** }
 1100              		.loc 1 260 5 is_stmt 1 view .LVU276
 1101              		.loc 1 261 1 is_stmt 0 view .LVU277
 1102 004c D043     		mvns	r0, r2
 1103              	.LVL99:
 1104              		.loc 1 261 1 view .LVU278
 1105 004e 7047     		bx	lr
 1106              	.L69:
 1107              		.align	2
 1108              	.L68:
 1109 0050 2083B8ED 		.word	-306674912
 1110              		.cfi_endproc
 1111              	.LFE142:
 1113              		.text
 1114              	.Letext0:
 1115              		.file 3 "/usr/lib/gcc/arm-none-eabi/13.2.1/include/stddef.h"
 1116              		.file 4 "/usr/lib/gcc/arm-none-eabi/13.2.1/include/stdint.h"
 1117              		.file 5 "Core/Inc/bootloader.h"
 1118              		.file 6 "Drivers/CMSIS/Include/core_cm4.h"
 1119              		.file 7 "Drivers/CMSIS/Device/ST/STM32F4xx/Include/stm32f401xe.h"
 1120              		.file 8 "Drivers/STM32F4xx_HAL_Driver/Inc/stm32f4xx_hal_def.h"
 1121              		.file 9 "Drivers/STM32F4xx_HAL_Driver/Inc/stm32f4xx_hal_flash_ex.h"
 1122              		.file 10 "/usr/include/newlib/string.h"
 1123              		.file 11 "Drivers/STM32F4xx_HAL_Driver/Inc/stm32f4xx_hal_flash.h"
 1124              		.file 12 "Drivers/STM32F4xx_HAL_Driver/Inc/stm32f4xx_hal_rcc.h"
 1125              		.file 13 "Drivers/STM32F4xx_HAL_Driver/Inc/stm32f4xx_hal.h"
 1126              		.file 14 "<built-in>"
ARM GAS  /tmp/ccEYOayA.s 			page 53


DEFINED SYMBOLS
                            *ABS*:00000000 bootloader.c
     /tmp/ccEYOayA.s:21     .text.jump_to_reset:00000000 $t
     /tmp/ccEYOayA.s:26     .text.jump_to_reset:00000000 jump_to_reset
     /tmp/ccEYOayA.s:51     .rodata.flash_erase_sectors.str1.4:00000000 $d
     /tmp/ccEYOayA.s:55     .text.flash_erase_sectors:00000000 $t
     /tmp/ccEYOayA.s:61     .text.flash_erase_sectors:00000000 flash_erase_sectors
     /tmp/ccEYOayA.s:156    .text.flash_erase_sectors:00000054 $d
     /tmp/ccEYOayA.s:163    .rodata.IMG_valid.str1.4:00000000 $d
     /tmp/ccEYOayA.s:167    .text.IMG_valid:00000000 $t
     /tmp/ccEYOayA.s:173    .text.IMG_valid:00000000 IMG_valid
     /tmp/ccEYOayA.s:211    .text.IMG_valid:0000001c $d
     /tmp/ccEYOayA.s:216    .text.jmp_to_IMG:00000000 $t
     /tmp/ccEYOayA.s:222    .text.jmp_to_IMG:00000000 jmp_to_IMG
     /tmp/ccEYOayA.s:504    .text.jmp_to_IMG:000000bc $d
     /tmp/ccEYOayA.s:511    .rodata.bcb_reset.str1.4:00000000 $d
     /tmp/ccEYOayA.s:518    .text.bcb_reset:00000000 $t
     /tmp/ccEYOayA.s:524    .text.bcb_reset:00000000 bcb_reset
     /tmp/ccEYOayA.s:622    .text.bcb_reset:00000058 $d
     /tmp/ccEYOayA.s:629    .rodata.bcb_slotswitch.str1.4:00000000 $d
     /tmp/ccEYOayA.s:642    .text.bcb_slotswitch:00000000 $t
     /tmp/ccEYOayA.s:648    .text.bcb_slotswitch:00000000 bcb_slotswitch
     /tmp/ccEYOayA.s:768    .text.bcb_slotswitch:00000078 $d
     /tmp/ccEYOayA.s:777    .rodata.write_to_flash.str1.4:00000000 $d
     /tmp/ccEYOayA.s:786    .text.write_to_flash:00000000 $t
     /tmp/ccEYOayA.s:792    .text.write_to_flash:00000000 write_to_flash
     /tmp/ccEYOayA.s:981    .text.write_to_flash:000000a0 $d
     /tmp/ccEYOayA.s:989    .text.compute_crc:00000000 $t
     /tmp/ccEYOayA.s:995    .text.compute_crc:00000000 compute_crc
     /tmp/ccEYOayA.s:1109   .text.compute_crc:00000050 $d

UNDEFINED SYMBOLS
HAL_FLASH_Unlock
HAL_FLASHEx_Erase
HAL_FLASH_Lock
HAL_FLASH_GetError
printf
HAL_DeInit
HAL_RCC_DeInit
puts
HAL_FLASH_Program
memcpy
