ARM GAS  /tmp/ccqcQeLt.s 			page 1


   1              		.cpu cortex-m4
   2              		.arch armv7e-m
   3              		.fpu fpv4-sp-d16
   4              		.eabi_attribute 27, 1
   5              		.eabi_attribute 28, 1
   6              		.eabi_attribute 20, 1
   7              		.eabi_attribute 21, 1
   8              		.eabi_attribute 23, 3
   9              		.eabi_attribute 24, 1
  10              		.eabi_attribute 25, 1
  11              		.eabi_attribute 26, 1
  12              		.eabi_attribute 30, 1
  13              		.eabi_attribute 34, 1
  14              		.eabi_attribute 18, 4
  15              		.file	"main.c"
  16              		.text
  17              	.Ltext0:
  18              		.cfi_sections	.debug_frame
  19              		.file 1 "Core/Src/main.c"
  20              		.section	.text.__io_putchar,"ax",%progbits
  21              		.align	1
  22              		.global	__io_putchar
  23              		.syntax unified
  24              		.thumb
  25              		.thumb_func
  27              	__io_putchar:
  28              	.LVL0:
  29              	.LFB137:
   1:Core/Src/main.c **** /* USER CODE BEGIN Header */
   2:Core/Src/main.c **** /**
   3:Core/Src/main.c ****   ******************************************************************************
   4:Core/Src/main.c ****   * @file           : main.c
   5:Core/Src/main.c ****   * @brief          : Main program body
   6:Core/Src/main.c ****   ******************************************************************************
   7:Core/Src/main.c ****   * @attention
   8:Core/Src/main.c ****   *
   9:Core/Src/main.c ****   * Copyright (c) 2025 STMicroelectronics.
  10:Core/Src/main.c ****   * All rights reserved.
  11:Core/Src/main.c ****   *
  12:Core/Src/main.c ****   * This software is licensed under terms that can be found in the LICENSE file
  13:Core/Src/main.c ****   * in the root directory of this software component.
  14:Core/Src/main.c ****   * If no LICENSE file comes with this software, it is provided AS-IS.
  15:Core/Src/main.c ****   *
  16:Core/Src/main.c ****   ******************************************************************************
  17:Core/Src/main.c ****   */
  18:Core/Src/main.c **** /* USER CODE END Header */
  19:Core/Src/main.c **** /* Includes ------------------------------------------------------------------*/
  20:Core/Src/main.c **** #include "main.h"
  21:Core/Src/main.c **** #include "crc.h"
  22:Core/Src/main.c **** #include "spi.h"
  23:Core/Src/main.c **** #include "usart.h"
  24:Core/Src/main.c **** #include "gpio.h"
  25:Core/Src/main.c **** 
  26:Core/Src/main.c **** /* Private includes ----------------------------------------------------------*/
  27:Core/Src/main.c **** /* USER CODE BEGIN Includes */
  28:Core/Src/main.c **** 
  29:Core/Src/main.c **** #include <stdio.h>
ARM GAS  /tmp/ccqcQeLt.s 			page 2


  30:Core/Src/main.c **** #include <stdint.h>
  31:Core/Src/main.c **** #include <string.h>
  32:Core/Src/main.c **** #include <stdbool.h>
  33:Core/Src/main.c **** 
  34:Core/Src/main.c **** #include "bootloader.h"
  35:Core/Src/main.c **** #include "st7789.h"
  36:Core/Src/main.c **** #include "st7789_bootloader.h"
  37:Core/Src/main.c **** 
  38:Core/Src/main.c **** /* USER CODE END Includes */
  39:Core/Src/main.c **** 
  40:Core/Src/main.c **** /* Private typedef -----------------------------------------------------------*/
  41:Core/Src/main.c **** /* USER CODE BEGIN PTD */
  42:Core/Src/main.c **** 
  43:Core/Src/main.c **** 
  44:Core/Src/main.c **** /* USER CODE END PTD */
  45:Core/Src/main.c **** 
  46:Core/Src/main.c **** /* Private define ------------------------------------------------------------*/
  47:Core/Src/main.c **** /* USER CODE BEGIN PD */
  48:Core/Src/main.c **** 
  49:Core/Src/main.c **** /* USER CODE END PD */
  50:Core/Src/main.c **** 
  51:Core/Src/main.c **** /* Private macro -------------------------------------------------------------*/
  52:Core/Src/main.c **** /* USER CODE BEGIN PM */
  53:Core/Src/main.c **** 
  54:Core/Src/main.c **** /* USER CODE END PM */
  55:Core/Src/main.c **** 
  56:Core/Src/main.c **** /* Private variables ---------------------------------------------------------*/
  57:Core/Src/main.c **** 
  58:Core/Src/main.c **** /* USER CODE BEGIN PV */
  59:Core/Src/main.c **** 
  60:Core/Src/main.c **** /* USER CODE END PV */
  61:Core/Src/main.c **** 
  62:Core/Src/main.c **** /* Private function prototypes -----------------------------------------------*/
  63:Core/Src/main.c **** void SystemClock_Config(void);
  64:Core/Src/main.c **** /* USER CODE BEGIN PFP */
  65:Core/Src/main.c **** 
  66:Core/Src/main.c **** /* USER CODE END PFP */
  67:Core/Src/main.c **** 
  68:Core/Src/main.c **** /* Private user code ---------------------------------------------------------*/
  69:Core/Src/main.c **** /* USER CODE BEGIN 0 */
  70:Core/Src/main.c **** int __io_putchar(int ch)
  71:Core/Src/main.c **** {
  30              		.loc 1 71 1 view -0
  31              		.cfi_startproc
  32              		@ args = 0, pretend = 0, frame = 8
  33              		@ frame_needed = 0, uses_anonymous_args = 0
  34              		.loc 1 71 1 is_stmt 0 view .LVU1
  35 0000 10B5     		push	{r4, lr}
  36              	.LCFI0:
  37              		.cfi_def_cfa_offset 8
  38              		.cfi_offset 4, -8
  39              		.cfi_offset 14, -4
  40 0002 82B0     		sub	sp, sp, #8
  41              	.LCFI1:
  42              		.cfi_def_cfa_offset 16
  43 0004 0446     		mov	r4, r0
  72:Core/Src/main.c ****     uint8_t c = (uint8_t)ch;
ARM GAS  /tmp/ccqcQeLt.s 			page 3


  44              		.loc 1 72 5 is_stmt 1 view .LVU2
  45              		.loc 1 72 13 is_stmt 0 view .LVU3
  46 0006 8DF80700 		strb	r0, [sp, #7]
  73:Core/Src/main.c ****     HAL_UART_Transmit(&huart2, &c, 1, HAL_MAX_DELAY);
  47              		.loc 1 73 5 is_stmt 1 view .LVU4
  48 000a 4FF0FF33 		mov	r3, #-1
  49 000e 0122     		movs	r2, #1
  50 0010 0DF10701 		add	r1, sp, #7
  51 0014 0248     		ldr	r0, .L3
  52              	.LVL1:
  53              		.loc 1 73 5 is_stmt 0 view .LVU5
  54 0016 FFF7FEFF 		bl	HAL_UART_Transmit
  55              	.LVL2:
  74:Core/Src/main.c ****     return ch;
  56              		.loc 1 74 5 is_stmt 1 view .LVU6
  75:Core/Src/main.c **** }
  57              		.loc 1 75 1 is_stmt 0 view .LVU7
  58 001a 2046     		mov	r0, r4
  59 001c 02B0     		add	sp, sp, #8
  60              	.LCFI2:
  61              		.cfi_def_cfa_offset 8
  62              		@ sp needed
  63 001e 10BD     		pop	{r4, pc}
  64              	.LVL3:
  65              	.L4:
  66              		.loc 1 75 1 view .LVU8
  67              		.align	2
  68              	.L3:
  69 0020 00000000 		.word	huart2
  70              		.cfi_endproc
  71              	.LFE137:
  73              		.section	.text.Error_Handler,"ax",%progbits
  74              		.align	1
  75              		.global	Error_Handler
  76              		.syntax unified
  77              		.thumb
  78              		.thumb_func
  80              	Error_Handler:
  81              	.LFB140:
  76:Core/Src/main.c **** 
  77:Core/Src/main.c **** 
  78:Core/Src/main.c **** 
  79:Core/Src/main.c **** /* USER CODE END 0 */
  80:Core/Src/main.c **** 
  81:Core/Src/main.c **** /**
  82:Core/Src/main.c ****   * @brief  The application entry point.
  83:Core/Src/main.c ****   * @retval int
  84:Core/Src/main.c ****   */
  85:Core/Src/main.c **** int main(void)
  86:Core/Src/main.c **** {
  87:Core/Src/main.c **** 
  88:Core/Src/main.c ****   /* USER CODE BEGIN 1 */
  89:Core/Src/main.c **** 
  90:Core/Src/main.c ****   /* USER CODE END 1 */
  91:Core/Src/main.c **** 
  92:Core/Src/main.c ****   /* MCU Configuration--------------------------------------------------------*/
  93:Core/Src/main.c **** 
ARM GAS  /tmp/ccqcQeLt.s 			page 4


  94:Core/Src/main.c ****   /* Reset of all peripherals, Initializes the Flash interface and the Systick. */
  95:Core/Src/main.c ****   HAL_Init();
  96:Core/Src/main.c **** 
  97:Core/Src/main.c ****   /* USER CODE BEGIN Init */
  98:Core/Src/main.c **** 
  99:Core/Src/main.c ****   /* USER CODE END Init */
 100:Core/Src/main.c **** 
 101:Core/Src/main.c ****   /* Configure the system clock */
 102:Core/Src/main.c ****   SystemClock_Config();
 103:Core/Src/main.c **** 
 104:Core/Src/main.c ****   /* USER CODE BEGIN SysInit */
 105:Core/Src/main.c **** 
 106:Core/Src/main.c ****   /* USER CODE END SysInit */
 107:Core/Src/main.c **** 
 108:Core/Src/main.c ****   /* Initialize all configured peripherals */
 109:Core/Src/main.c ****   MX_GPIO_Init();
 110:Core/Src/main.c ****   MX_USART2_UART_Init();
 111:Core/Src/main.c ****   MX_CRC_Init();
 112:Core/Src/main.c ****   MX_SPI1_Init();
 113:Core/Src/main.c ****   MX_USART1_UART_Init();
 114:Core/Src/main.c ****   /* USER CODE BEGIN 2 */
 115:Core/Src/main.c **** 
 116:Core/Src/main.c ****   HAL_GPIO_WritePin(TFT_BCKLIGHT_GPIO_Port, TFT_BCKLIGHT_Pin, GPIO_PIN_SET);
 117:Core/Src/main.c **** 
 118:Core/Src/main.c ****   ST7789_Init();
 119:Core/Src/main.c **** 
 120:Core/Src/main.c ****   setvbuf(stdout, NULL, _IONBF, 0);
 121:Core/Src/main.c **** 
 122:Core/Src/main.c **** 
 123:Core/Src/main.c ****   fw_chunk_t fw_chunk = {0};
 124:Core/Src/main.c **** 
 125:Core/Src/main.c **** 
 126:Core/Src/main.c ****   HAL_Delay(10);
 127:Core/Src/main.c ****   uint32_t btn = HAL_GPIO_ReadPin(GPIOC, GPIO_PIN_13);
 128:Core/Src/main.c ****   printf("PC13=%lu\n\r", btn);
 129:Core/Src/main.c **** 
 130:Core/Src/main.c **** 
 131:Core/Src/main.c ****   const bcb_t *bcb = (bcb_t*)BCB_SEC;
 132:Core/Src/main.c ****   printf("Active Slot: %d\n\r", bcb->active_slot);
 133:Core/Src/main.c ****   uint32_t active_addr = (bcb->active_slot) ? SLOT_A_SEC : SLOT_B_SEC;
 134:Core/Src/main.c ****   uint8_t update_complete = 0;
 135:Core/Src/main.c ****   //printf("active_addr: 0x%08lX\n\r", active_addr);
 136:Core/Src/main.c **** 
 137:Core/Src/main.c ****   if (btn == GPIO_PIN_SET) {
 138:Core/Src/main.c ****       if (IMG_valid(active_addr)) {
 139:Core/Src/main.c **** 
 140:Core/Src/main.c ****           printf("Jumping to active image... Address: 0x%08lx\r\n", active_addr);
 141:Core/Src/main.c ****           HAL_Delay(10);
 142:Core/Src/main.c **** 
 143:Core/Src/main.c ****           jmp_to_IMG(active_addr);
 144:Core/Src/main.c ****       } else {
 145:Core/Src/main.c ****           printf("No valid image. Staying in bootloader... Address: 0x%08lx\r\n", active_addr);
 146:Core/Src/main.c **** 
 147:Core/Src/main.c ****           while(1) { HAL_Delay(100); }
 148:Core/Src/main.c ****       }
 149:Core/Src/main.c ****   } else {
 150:Core/Src/main.c **** 	  UI_Bootloader_ShowStart();
ARM GAS  /tmp/ccqcQeLt.s 			page 5


 151:Core/Src/main.c ****       printf("Staying in bootloader.\r\n");
 152:Core/Src/main.c ****       uint8_t recieved_signal = 2;
 153:Core/Src/main.c **** 
 154:Core/Src/main.c **** 
 155:Core/Src/main.c ****       HAL_UART_Transmit(&huart1, (uint8_t*)&recieved_signal, sizeof(recieved_signal), HAL_MAX_DELAY
 156:Core/Src/main.c ****       uint32_t addr;
 157:Core/Src/main.c ****       uint8_t fw_chunk_signal = 1;
 158:Core/Src/main.c **** 
 159:Core/Src/main.c **** 	  if(bcb->active_slot == SLOT_A){
 160:Core/Src/main.c **** 		  printf("Writing to SLOT_B\n\r");
 161:Core/Src/main.c **** 
 162:Core/Src/main.c **** 		  addr = SLOT_B_SEC;
 163:Core/Src/main.c **** 
 164:Core/Src/main.c **** 		  HAL_FLASH_Unlock();
 165:Core/Src/main.c **** 		  FLASH_Erase_Sector(FLASH_SECTOR_6, FLASH_VOLTAGE_RANGE_3);
 166:Core/Src/main.c **** 		  FLASH_Erase_Sector(FLASH_SECTOR_7, FLASH_VOLTAGE_RANGE_3);
 167:Core/Src/main.c **** 		  HAL_FLASH_Lock();
 168:Core/Src/main.c **** 
 169:Core/Src/main.c **** 		  bcb_slotswitch(SLOT_B);
 170:Core/Src/main.c **** 	  } else if(bcb->active_slot == SLOT_B){
 171:Core/Src/main.c **** 		  printf("Writing to SLOT_A\n\r");
 172:Core/Src/main.c **** 		  addr = SLOT_A_SEC;
 173:Core/Src/main.c **** 
 174:Core/Src/main.c **** 
 175:Core/Src/main.c **** 		  HAL_FLASH_Unlock();
 176:Core/Src/main.c **** 		  FLASH_Erase_Sector(FLASH_SECTOR_3, FLASH_VOLTAGE_RANGE_3);
 177:Core/Src/main.c **** 		  FLASH_Erase_Sector(FLASH_SECTOR_4, FLASH_VOLTAGE_RANGE_3);
 178:Core/Src/main.c **** 		  FLASH_Erase_Sector(FLASH_SECTOR_5, FLASH_VOLTAGE_RANGE_3);
 179:Core/Src/main.c **** 	      HAL_FLASH_Lock();
 180:Core/Src/main.c **** 
 181:Core/Src/main.c **** 	      bcb_slotswitch(SLOT_A);
 182:Core/Src/main.c **** 	  }else{
 183:Core/Src/main.c ****     	  printf("ERROR HAS OCCURED! BCB IS NOT 1 OR 0");
 184:Core/Src/main.c ****     	  update_complete = 0;
 185:Core/Src/main.c ****     	  UI_Bootloader_ShowFailed();
 186:Core/Src/main.c ****     	  while(1);
 187:Core/Src/main.c ****       }
 188:Core/Src/main.c **** 
 189:Core/Src/main.c **** 	  uint8_t junk;
 190:Core/Src/main.c **** 	  while (HAL_UART_Receive(&huart1, &junk, 1, 1) == HAL_OK) {
 191:Core/Src/main.c **** 	      printf("drained stray byte: %02X\r\n", junk);
 192:Core/Src/main.c **** 	  }
 193:Core/Src/main.c **** 
 194:Core/Src/main.c **** 	  do{
 195:Core/Src/main.c **** 		  fw_chunk_t fw_chunk = {0};
 196:Core/Src/main.c **** 
 197:Core/Src/main.c **** 	      HAL_UART_Receive(&huart1, (uint8_t*)&fw_chunk, sizeof(fw_chunk), HAL_MAX_DELAY); //
 198:Core/Src/main.c **** 	      printf("RAW: len=%u last=%u b0=%02X b1=%02X b2=%02X b3=%02X\r\n",
 199:Core/Src/main.c **** 	      fw_chunk.length, fw_chunk.last_chunk,
 200:Core/Src/main.c **** 	      fw_chunk.fw_img[0], fw_chunk.fw_img[1], fw_chunk.fw_img[2], fw_chunk.fw_img[3]);
 201:Core/Src/main.c **** 
 202:Core/Src/main.c **** 	      if (fw_chunk.length > 0 && fw_chunk.length <= FW_IMG_SIZE && fw_chunk.last_chunk <= 1) {
 203:Core/Src/main.c **** 	    	  if (fw_chunk.length >= 4) {
 204:Core/Src/main.c **** 	    		  uint32_t first_word;
 205:Core/Src/main.c **** 	    		  memcpy(&first_word, &fw_chunk.fw_img[0], sizeof(first_word));
 206:Core/Src/main.c **** 
 207:Core/Src/main.c **** 	    		  uint32_t last_word;
ARM GAS  /tmp/ccqcQeLt.s 			page 6


 208:Core/Src/main.c **** 	    		  memcpy(&last_word, &fw_chunk.fw_img[fw_chunk.length - 4], sizeof(last_word));
 209:Core/Src/main.c **** 
 210:Core/Src/main.c **** 	    		  printf("len=%d last_chunk=%d first_word=%08X last_word=%08X and last byte=%02x\r\n",
 211:Core/Src/main.c **** 	    			          			             fw_chunk.length, fw_chunk.last_chunk, first_word, last_word,fw_ch
 212:Core/Src/main.c **** 	    	  } else if (fw_chunk.length > 0) {
 213:Core/Src/main.c **** 	    		  printf("len=%d last_chunk=%d first_byte=%02X last_byte=%02X\r\n",
 214:Core/Src/main.c **** 	    			             fw_chunk.length, fw_chunk.last_chunk,
 215:Core/Src/main.c **** 	    			             fw_chunk.fw_img[0],
 216:Core/Src/main.c **** 	    			             fw_chunk.fw_img[fw_chunk.length - 1]);
 217:Core/Src/main.c **** 	    	  }
 218:Core/Src/main.c **** 
 219:Core/Src/main.c **** 	    	  if (write_to_flash(&fw_chunk, addr)) {
 220:Core/Src/main.c **** 
 221:Core/Src/main.c **** 	    		  printf("success ...\n\r");
 222:Core/Src/main.c **** 	    	  }
 223:Core/Src/main.c **** 	    	  addr += fw_chunk.length;
 224:Core/Src/main.c **** 	    	  printf("address = 0x%08lX\r\n", (uint32_t)addr);
 225:Core/Src/main.c **** 
 226:Core/Src/main.c **** 
 227:Core/Src/main.c **** 	    	  HAL_StatusTypeDef tx_status = HAL_UART_Transmit(&huart1, &fw_chunk_signal, 1, HAL_MAX_DELAY
 228:Core/Src/main.c **** 	    	  printf("ACK TX status: %d\r\n", tx_status);
 229:Core/Src/main.c **** 
 230:Core/Src/main.c **** 
 231:Core/Src/main.c **** 	    	  if (fw_chunk.last_chunk == 1) {
 232:Core/Src/main.c **** 	    		  printf("Last chunk, breaking.\n");
 233:Core/Src/main.c **** 	    		  break;
 234:Core/Src/main.c **** 	    	  }
 235:Core/Src/main.c **** 	      }
 236:Core/Src/main.c **** 
 237:Core/Src/main.c **** 	  }while(1);
 238:Core/Src/main.c **** 
 239:Core/Src/main.c **** 	  printf("after if current slot: %d\n\r", bcb->active_slot);
 240:Core/Src/main.c **** 	  update_complete = 1;
 241:Core/Src/main.c **** 
 242:Core/Src/main.c ****       if(update_complete)
 243:Core/Src/main.c ****     	  UI_Bootloader_ShowDone();
 244:Core/Src/main.c ****       else
 245:Core/Src/main.c ****     	  UI_Bootloader_ShowFailed();
 246:Core/Src/main.c **** 
 247:Core/Src/main.c **** 
 248:Core/Src/main.c ****       printf("Update finished! Hold Button during Reset for the new image!");
 249:Core/Src/main.c **** 
 250:Core/Src/main.c ****   }
 251:Core/Src/main.c **** 
 252:Core/Src/main.c **** 
 253:Core/Src/main.c ****   /* USER CODE END 2 */
 254:Core/Src/main.c **** 
 255:Core/Src/main.c ****   /* Infinite loop */
 256:Core/Src/main.c ****   /* USER CODE BEGIN WHILE */
 257:Core/Src/main.c ****   while (1)
 258:Core/Src/main.c ****   {
 259:Core/Src/main.c ****     /* USER CODE END WHILE */
 260:Core/Src/main.c **** 
 261:Core/Src/main.c ****     /* USER CODE BEGIN 3 */
 262:Core/Src/main.c ****   }
 263:Core/Src/main.c ****   /* USER CODE END 3 */
 264:Core/Src/main.c **** }
ARM GAS  /tmp/ccqcQeLt.s 			page 7


 265:Core/Src/main.c **** 
 266:Core/Src/main.c **** /**
 267:Core/Src/main.c ****   * @brief System Clock Configuration
 268:Core/Src/main.c ****   * @retval None
 269:Core/Src/main.c ****   */
 270:Core/Src/main.c **** void SystemClock_Config(void)
 271:Core/Src/main.c **** {
 272:Core/Src/main.c ****   RCC_OscInitTypeDef RCC_OscInitStruct = {0};
 273:Core/Src/main.c ****   RCC_ClkInitTypeDef RCC_ClkInitStruct = {0};
 274:Core/Src/main.c **** 
 275:Core/Src/main.c ****   /** Configure the main internal regulator output voltage
 276:Core/Src/main.c ****   */
 277:Core/Src/main.c ****   __HAL_RCC_PWR_CLK_ENABLE();
 278:Core/Src/main.c ****   __HAL_PWR_VOLTAGESCALING_CONFIG(PWR_REGULATOR_VOLTAGE_SCALE2);
 279:Core/Src/main.c **** 
 280:Core/Src/main.c ****   /** Initializes the RCC Oscillators according to the specified parameters
 281:Core/Src/main.c ****   * in the RCC_OscInitTypeDef structure.
 282:Core/Src/main.c ****   */
 283:Core/Src/main.c ****   RCC_OscInitStruct.OscillatorType = RCC_OSCILLATORTYPE_HSI;
 284:Core/Src/main.c ****   RCC_OscInitStruct.HSIState = RCC_HSI_ON;
 285:Core/Src/main.c ****   RCC_OscInitStruct.HSICalibrationValue = RCC_HSICALIBRATION_DEFAULT;
 286:Core/Src/main.c ****   RCC_OscInitStruct.PLL.PLLState = RCC_PLL_NONE;
 287:Core/Src/main.c ****   if (HAL_RCC_OscConfig(&RCC_OscInitStruct) != HAL_OK)
 288:Core/Src/main.c ****   {
 289:Core/Src/main.c ****     Error_Handler();
 290:Core/Src/main.c ****   }
 291:Core/Src/main.c **** 
 292:Core/Src/main.c ****   /** Initializes the CPU, AHB and APB buses clocks
 293:Core/Src/main.c ****   */
 294:Core/Src/main.c ****   RCC_ClkInitStruct.ClockType = RCC_CLOCKTYPE_HCLK|RCC_CLOCKTYPE_SYSCLK
 295:Core/Src/main.c ****                               |RCC_CLOCKTYPE_PCLK1|RCC_CLOCKTYPE_PCLK2;
 296:Core/Src/main.c ****   RCC_ClkInitStruct.SYSCLKSource = RCC_SYSCLKSOURCE_HSI;
 297:Core/Src/main.c ****   RCC_ClkInitStruct.AHBCLKDivider = RCC_SYSCLK_DIV1;
 298:Core/Src/main.c ****   RCC_ClkInitStruct.APB1CLKDivider = RCC_HCLK_DIV1;
 299:Core/Src/main.c ****   RCC_ClkInitStruct.APB2CLKDivider = RCC_HCLK_DIV1;
 300:Core/Src/main.c **** 
 301:Core/Src/main.c ****   if (HAL_RCC_ClockConfig(&RCC_ClkInitStruct, FLASH_LATENCY_0) != HAL_OK)
 302:Core/Src/main.c ****   {
 303:Core/Src/main.c ****     Error_Handler();
 304:Core/Src/main.c ****   }
 305:Core/Src/main.c **** }
 306:Core/Src/main.c **** 
 307:Core/Src/main.c **** /* USER CODE BEGIN 4 */
 308:Core/Src/main.c **** 
 309:Core/Src/main.c **** 
 310:Core/Src/main.c **** /* USER CODE END 4 */
 311:Core/Src/main.c **** 
 312:Core/Src/main.c **** /**
 313:Core/Src/main.c ****   * @brief  This function is executed in case of error occurrence.
 314:Core/Src/main.c ****   * @retval None
 315:Core/Src/main.c ****   */
 316:Core/Src/main.c **** void Error_Handler(void)
 317:Core/Src/main.c **** {
  82              		.loc 1 317 1 is_stmt 1 view -0
  83              		.cfi_startproc
  84              		@ Volatile: function does not return.
  85              		@ args = 0, pretend = 0, frame = 0
ARM GAS  /tmp/ccqcQeLt.s 			page 8


  86              		@ frame_needed = 0, uses_anonymous_args = 0
  87              		@ link register save eliminated.
 318:Core/Src/main.c ****   /* USER CODE BEGIN Error_Handler_Debug */
 319:Core/Src/main.c ****   /* User can add his own implementation to report the HAL error return state */
 320:Core/Src/main.c ****   __disable_irq();
  88              		.loc 1 320 3 view .LVU10
  89              	.LBB4:
  90              	.LBI4:
  91              		.file 2 "Drivers/CMSIS/Include/cmsis_gcc.h"
   1:Drivers/CMSIS/Include/cmsis_gcc.h **** /**************************************************************************//**
   2:Drivers/CMSIS/Include/cmsis_gcc.h ****  * @file     cmsis_gcc.h
   3:Drivers/CMSIS/Include/cmsis_gcc.h ****  * @brief    CMSIS compiler GCC header file
   4:Drivers/CMSIS/Include/cmsis_gcc.h ****  * @version  V5.4.1
   5:Drivers/CMSIS/Include/cmsis_gcc.h ****  * @date     27. May 2021
   6:Drivers/CMSIS/Include/cmsis_gcc.h ****  ******************************************************************************/
   7:Drivers/CMSIS/Include/cmsis_gcc.h **** /*
   8:Drivers/CMSIS/Include/cmsis_gcc.h ****  * Copyright (c) 2009-2021 Arm Limited. All rights reserved.
   9:Drivers/CMSIS/Include/cmsis_gcc.h ****  *
  10:Drivers/CMSIS/Include/cmsis_gcc.h ****  * SPDX-License-Identifier: Apache-2.0
  11:Drivers/CMSIS/Include/cmsis_gcc.h ****  *
  12:Drivers/CMSIS/Include/cmsis_gcc.h ****  * Licensed under the Apache License, Version 2.0 (the License); you may
  13:Drivers/CMSIS/Include/cmsis_gcc.h ****  * not use this file except in compliance with the License.
  14:Drivers/CMSIS/Include/cmsis_gcc.h ****  * You may obtain a copy of the License at
  15:Drivers/CMSIS/Include/cmsis_gcc.h ****  *
  16:Drivers/CMSIS/Include/cmsis_gcc.h ****  * www.apache.org/licenses/LICENSE-2.0
  17:Drivers/CMSIS/Include/cmsis_gcc.h ****  *
  18:Drivers/CMSIS/Include/cmsis_gcc.h ****  * Unless required by applicable law or agreed to in writing, software
  19:Drivers/CMSIS/Include/cmsis_gcc.h ****  * distributed under the License is distributed on an AS IS BASIS, WITHOUT
  20:Drivers/CMSIS/Include/cmsis_gcc.h ****  * WARRANTIES OR CONDITIONS OF ANY KIND, either express or implied.
  21:Drivers/CMSIS/Include/cmsis_gcc.h ****  * See the License for the specific language governing permissions and
  22:Drivers/CMSIS/Include/cmsis_gcc.h ****  * limitations under the License.
  23:Drivers/CMSIS/Include/cmsis_gcc.h ****  */
  24:Drivers/CMSIS/Include/cmsis_gcc.h **** 
  25:Drivers/CMSIS/Include/cmsis_gcc.h **** #ifndef __CMSIS_GCC_H
  26:Drivers/CMSIS/Include/cmsis_gcc.h **** #define __CMSIS_GCC_H
  27:Drivers/CMSIS/Include/cmsis_gcc.h **** 
  28:Drivers/CMSIS/Include/cmsis_gcc.h **** /* ignore some GCC warnings */
  29:Drivers/CMSIS/Include/cmsis_gcc.h **** #pragma GCC diagnostic push
  30:Drivers/CMSIS/Include/cmsis_gcc.h **** #pragma GCC diagnostic ignored "-Wsign-conversion"
  31:Drivers/CMSIS/Include/cmsis_gcc.h **** #pragma GCC diagnostic ignored "-Wconversion"
  32:Drivers/CMSIS/Include/cmsis_gcc.h **** #pragma GCC diagnostic ignored "-Wunused-parameter"
  33:Drivers/CMSIS/Include/cmsis_gcc.h **** 
  34:Drivers/CMSIS/Include/cmsis_gcc.h **** /* Fallback for __has_builtin */
  35:Drivers/CMSIS/Include/cmsis_gcc.h **** #ifndef __has_builtin
  36:Drivers/CMSIS/Include/cmsis_gcc.h ****   #define __has_builtin(x) (0)
  37:Drivers/CMSIS/Include/cmsis_gcc.h **** #endif
  38:Drivers/CMSIS/Include/cmsis_gcc.h **** 
  39:Drivers/CMSIS/Include/cmsis_gcc.h **** /* CMSIS compiler specific defines */
  40:Drivers/CMSIS/Include/cmsis_gcc.h **** #ifndef   __ASM
  41:Drivers/CMSIS/Include/cmsis_gcc.h ****   #define __ASM                                  __asm
  42:Drivers/CMSIS/Include/cmsis_gcc.h **** #endif
  43:Drivers/CMSIS/Include/cmsis_gcc.h **** #ifndef   __INLINE
  44:Drivers/CMSIS/Include/cmsis_gcc.h ****   #define __INLINE                               inline
  45:Drivers/CMSIS/Include/cmsis_gcc.h **** #endif
  46:Drivers/CMSIS/Include/cmsis_gcc.h **** #ifndef   __STATIC_INLINE
  47:Drivers/CMSIS/Include/cmsis_gcc.h ****   #define __STATIC_INLINE                        static inline
  48:Drivers/CMSIS/Include/cmsis_gcc.h **** #endif
ARM GAS  /tmp/ccqcQeLt.s 			page 9


  49:Drivers/CMSIS/Include/cmsis_gcc.h **** #ifndef   __STATIC_FORCEINLINE
  50:Drivers/CMSIS/Include/cmsis_gcc.h ****   #define __STATIC_FORCEINLINE                   __attribute__((always_inline)) static inline
  51:Drivers/CMSIS/Include/cmsis_gcc.h **** #endif
  52:Drivers/CMSIS/Include/cmsis_gcc.h **** #ifndef   __NO_RETURN
  53:Drivers/CMSIS/Include/cmsis_gcc.h ****   #define __NO_RETURN                            __attribute__((__noreturn__))
  54:Drivers/CMSIS/Include/cmsis_gcc.h **** #endif
  55:Drivers/CMSIS/Include/cmsis_gcc.h **** #ifndef   __USED
  56:Drivers/CMSIS/Include/cmsis_gcc.h ****   #define __USED                                 __attribute__((used))
  57:Drivers/CMSIS/Include/cmsis_gcc.h **** #endif
  58:Drivers/CMSIS/Include/cmsis_gcc.h **** #ifndef   __WEAK
  59:Drivers/CMSIS/Include/cmsis_gcc.h ****   #define __WEAK                                 __attribute__((weak))
  60:Drivers/CMSIS/Include/cmsis_gcc.h **** #endif
  61:Drivers/CMSIS/Include/cmsis_gcc.h **** #ifndef   __PACKED
  62:Drivers/CMSIS/Include/cmsis_gcc.h ****   #define __PACKED                               __attribute__((packed, aligned(1)))
  63:Drivers/CMSIS/Include/cmsis_gcc.h **** #endif
  64:Drivers/CMSIS/Include/cmsis_gcc.h **** #ifndef   __PACKED_STRUCT
  65:Drivers/CMSIS/Include/cmsis_gcc.h ****   #define __PACKED_STRUCT                        struct __attribute__((packed, aligned(1)))
  66:Drivers/CMSIS/Include/cmsis_gcc.h **** #endif
  67:Drivers/CMSIS/Include/cmsis_gcc.h **** #ifndef   __PACKED_UNION
  68:Drivers/CMSIS/Include/cmsis_gcc.h ****   #define __PACKED_UNION                         union __attribute__((packed, aligned(1)))
  69:Drivers/CMSIS/Include/cmsis_gcc.h **** #endif
  70:Drivers/CMSIS/Include/cmsis_gcc.h **** #ifndef   __UNALIGNED_UINT32        /* deprecated */
  71:Drivers/CMSIS/Include/cmsis_gcc.h ****   #pragma GCC diagnostic push
  72:Drivers/CMSIS/Include/cmsis_gcc.h ****   #pragma GCC diagnostic ignored "-Wpacked"
  73:Drivers/CMSIS/Include/cmsis_gcc.h ****   #pragma GCC diagnostic ignored "-Wattributes"
  74:Drivers/CMSIS/Include/cmsis_gcc.h ****   struct __attribute__((packed)) T_UINT32 { uint32_t v; };
  75:Drivers/CMSIS/Include/cmsis_gcc.h ****   #pragma GCC diagnostic pop
  76:Drivers/CMSIS/Include/cmsis_gcc.h ****   #define __UNALIGNED_UINT32(x)                  (((struct T_UINT32 *)(x))->v)
  77:Drivers/CMSIS/Include/cmsis_gcc.h **** #endif
  78:Drivers/CMSIS/Include/cmsis_gcc.h **** #ifndef   __UNALIGNED_UINT16_WRITE
  79:Drivers/CMSIS/Include/cmsis_gcc.h ****   #pragma GCC diagnostic push
  80:Drivers/CMSIS/Include/cmsis_gcc.h ****   #pragma GCC diagnostic ignored "-Wpacked"
  81:Drivers/CMSIS/Include/cmsis_gcc.h ****   #pragma GCC diagnostic ignored "-Wattributes"
  82:Drivers/CMSIS/Include/cmsis_gcc.h ****   __PACKED_STRUCT T_UINT16_WRITE { uint16_t v; };
  83:Drivers/CMSIS/Include/cmsis_gcc.h ****   #pragma GCC diagnostic pop
  84:Drivers/CMSIS/Include/cmsis_gcc.h ****   #define __UNALIGNED_UINT16_WRITE(addr, val)    (void)((((struct T_UINT16_WRITE *)(void *)(addr))-
  85:Drivers/CMSIS/Include/cmsis_gcc.h **** #endif
  86:Drivers/CMSIS/Include/cmsis_gcc.h **** #ifndef   __UNALIGNED_UINT16_READ
  87:Drivers/CMSIS/Include/cmsis_gcc.h ****   #pragma GCC diagnostic push
  88:Drivers/CMSIS/Include/cmsis_gcc.h ****   #pragma GCC diagnostic ignored "-Wpacked"
  89:Drivers/CMSIS/Include/cmsis_gcc.h ****   #pragma GCC diagnostic ignored "-Wattributes"
  90:Drivers/CMSIS/Include/cmsis_gcc.h ****   __PACKED_STRUCT T_UINT16_READ { uint16_t v; };
  91:Drivers/CMSIS/Include/cmsis_gcc.h ****   #pragma GCC diagnostic pop
  92:Drivers/CMSIS/Include/cmsis_gcc.h ****   #define __UNALIGNED_UINT16_READ(addr)          (((const struct T_UINT16_READ *)(const void *)(add
  93:Drivers/CMSIS/Include/cmsis_gcc.h **** #endif
  94:Drivers/CMSIS/Include/cmsis_gcc.h **** #ifndef   __UNALIGNED_UINT32_WRITE
  95:Drivers/CMSIS/Include/cmsis_gcc.h ****   #pragma GCC diagnostic push
  96:Drivers/CMSIS/Include/cmsis_gcc.h ****   #pragma GCC diagnostic ignored "-Wpacked"
  97:Drivers/CMSIS/Include/cmsis_gcc.h ****   #pragma GCC diagnostic ignored "-Wattributes"
  98:Drivers/CMSIS/Include/cmsis_gcc.h ****   __PACKED_STRUCT T_UINT32_WRITE { uint32_t v; };
  99:Drivers/CMSIS/Include/cmsis_gcc.h ****   #pragma GCC diagnostic pop
 100:Drivers/CMSIS/Include/cmsis_gcc.h ****   #define __UNALIGNED_UINT32_WRITE(addr, val)    (void)((((struct T_UINT32_WRITE *)(void *)(addr))-
 101:Drivers/CMSIS/Include/cmsis_gcc.h **** #endif
 102:Drivers/CMSIS/Include/cmsis_gcc.h **** #ifndef   __UNALIGNED_UINT32_READ
 103:Drivers/CMSIS/Include/cmsis_gcc.h ****   #pragma GCC diagnostic push
 104:Drivers/CMSIS/Include/cmsis_gcc.h ****   #pragma GCC diagnostic ignored "-Wpacked"
 105:Drivers/CMSIS/Include/cmsis_gcc.h ****   #pragma GCC diagnostic ignored "-Wattributes"
ARM GAS  /tmp/ccqcQeLt.s 			page 10


 106:Drivers/CMSIS/Include/cmsis_gcc.h ****   __PACKED_STRUCT T_UINT32_READ { uint32_t v; };
 107:Drivers/CMSIS/Include/cmsis_gcc.h ****   #pragma GCC diagnostic pop
 108:Drivers/CMSIS/Include/cmsis_gcc.h ****   #define __UNALIGNED_UINT32_READ(addr)          (((const struct T_UINT32_READ *)(const void *)(add
 109:Drivers/CMSIS/Include/cmsis_gcc.h **** #endif
 110:Drivers/CMSIS/Include/cmsis_gcc.h **** #ifndef   __ALIGNED
 111:Drivers/CMSIS/Include/cmsis_gcc.h ****   #define __ALIGNED(x)                           __attribute__((aligned(x)))
 112:Drivers/CMSIS/Include/cmsis_gcc.h **** #endif
 113:Drivers/CMSIS/Include/cmsis_gcc.h **** #ifndef   __RESTRICT
 114:Drivers/CMSIS/Include/cmsis_gcc.h ****   #define __RESTRICT                             __restrict
 115:Drivers/CMSIS/Include/cmsis_gcc.h **** #endif
 116:Drivers/CMSIS/Include/cmsis_gcc.h **** #ifndef   __COMPILER_BARRIER
 117:Drivers/CMSIS/Include/cmsis_gcc.h ****   #define __COMPILER_BARRIER()                   __ASM volatile("":::"memory")
 118:Drivers/CMSIS/Include/cmsis_gcc.h **** #endif
 119:Drivers/CMSIS/Include/cmsis_gcc.h **** 
 120:Drivers/CMSIS/Include/cmsis_gcc.h **** /* #########################  Startup and Lowlevel Init  ######################## */
 121:Drivers/CMSIS/Include/cmsis_gcc.h **** 
 122:Drivers/CMSIS/Include/cmsis_gcc.h **** #ifndef __PROGRAM_START
 123:Drivers/CMSIS/Include/cmsis_gcc.h **** 
 124:Drivers/CMSIS/Include/cmsis_gcc.h **** /**
 125:Drivers/CMSIS/Include/cmsis_gcc.h ****   \brief   Initializes data and bss sections
 126:Drivers/CMSIS/Include/cmsis_gcc.h ****   \details This default implementations initialized all data and additional bss
 127:Drivers/CMSIS/Include/cmsis_gcc.h ****            sections relying on .copy.table and .zero.table specified properly
 128:Drivers/CMSIS/Include/cmsis_gcc.h ****            in the used linker script.
 129:Drivers/CMSIS/Include/cmsis_gcc.h **** 
 130:Drivers/CMSIS/Include/cmsis_gcc.h ****  */
 131:Drivers/CMSIS/Include/cmsis_gcc.h **** __STATIC_FORCEINLINE __NO_RETURN void __cmsis_start(void)
 132:Drivers/CMSIS/Include/cmsis_gcc.h **** {
 133:Drivers/CMSIS/Include/cmsis_gcc.h ****   extern void _start(void) __NO_RETURN;
 134:Drivers/CMSIS/Include/cmsis_gcc.h **** 
 135:Drivers/CMSIS/Include/cmsis_gcc.h ****   typedef struct {
 136:Drivers/CMSIS/Include/cmsis_gcc.h ****     uint32_t const* src;
 137:Drivers/CMSIS/Include/cmsis_gcc.h ****     uint32_t* dest;
 138:Drivers/CMSIS/Include/cmsis_gcc.h ****     uint32_t  wlen;
 139:Drivers/CMSIS/Include/cmsis_gcc.h ****   } __copy_table_t;
 140:Drivers/CMSIS/Include/cmsis_gcc.h **** 
 141:Drivers/CMSIS/Include/cmsis_gcc.h ****   typedef struct {
 142:Drivers/CMSIS/Include/cmsis_gcc.h ****     uint32_t* dest;
 143:Drivers/CMSIS/Include/cmsis_gcc.h ****     uint32_t  wlen;
 144:Drivers/CMSIS/Include/cmsis_gcc.h ****   } __zero_table_t;
 145:Drivers/CMSIS/Include/cmsis_gcc.h **** 
 146:Drivers/CMSIS/Include/cmsis_gcc.h ****   extern const __copy_table_t __copy_table_start__;
 147:Drivers/CMSIS/Include/cmsis_gcc.h ****   extern const __copy_table_t __copy_table_end__;
 148:Drivers/CMSIS/Include/cmsis_gcc.h ****   extern const __zero_table_t __zero_table_start__;
 149:Drivers/CMSIS/Include/cmsis_gcc.h ****   extern const __zero_table_t __zero_table_end__;
 150:Drivers/CMSIS/Include/cmsis_gcc.h **** 
 151:Drivers/CMSIS/Include/cmsis_gcc.h ****   for (__copy_table_t const* pTable = &__copy_table_start__; pTable < &__copy_table_end__; ++pTable
 152:Drivers/CMSIS/Include/cmsis_gcc.h ****     for(uint32_t i=0u; i<pTable->wlen; ++i) {
 153:Drivers/CMSIS/Include/cmsis_gcc.h ****       pTable->dest[i] = pTable->src[i];
 154:Drivers/CMSIS/Include/cmsis_gcc.h ****     }
 155:Drivers/CMSIS/Include/cmsis_gcc.h ****   }
 156:Drivers/CMSIS/Include/cmsis_gcc.h **** 
 157:Drivers/CMSIS/Include/cmsis_gcc.h ****   for (__zero_table_t const* pTable = &__zero_table_start__; pTable < &__zero_table_end__; ++pTable
 158:Drivers/CMSIS/Include/cmsis_gcc.h ****     for(uint32_t i=0u; i<pTable->wlen; ++i) {
 159:Drivers/CMSIS/Include/cmsis_gcc.h ****       pTable->dest[i] = 0u;
 160:Drivers/CMSIS/Include/cmsis_gcc.h ****     }
 161:Drivers/CMSIS/Include/cmsis_gcc.h ****   }
 162:Drivers/CMSIS/Include/cmsis_gcc.h **** 
ARM GAS  /tmp/ccqcQeLt.s 			page 11


 163:Drivers/CMSIS/Include/cmsis_gcc.h ****   _start();
 164:Drivers/CMSIS/Include/cmsis_gcc.h **** }
 165:Drivers/CMSIS/Include/cmsis_gcc.h **** 
 166:Drivers/CMSIS/Include/cmsis_gcc.h **** #define __PROGRAM_START           __cmsis_start
 167:Drivers/CMSIS/Include/cmsis_gcc.h **** #endif
 168:Drivers/CMSIS/Include/cmsis_gcc.h **** 
 169:Drivers/CMSIS/Include/cmsis_gcc.h **** #ifndef __INITIAL_SP
 170:Drivers/CMSIS/Include/cmsis_gcc.h **** #define __INITIAL_SP              __StackTop
 171:Drivers/CMSIS/Include/cmsis_gcc.h **** #endif
 172:Drivers/CMSIS/Include/cmsis_gcc.h **** 
 173:Drivers/CMSIS/Include/cmsis_gcc.h **** #ifndef __STACK_LIMIT
 174:Drivers/CMSIS/Include/cmsis_gcc.h **** #define __STACK_LIMIT             __StackLimit
 175:Drivers/CMSIS/Include/cmsis_gcc.h **** #endif
 176:Drivers/CMSIS/Include/cmsis_gcc.h **** 
 177:Drivers/CMSIS/Include/cmsis_gcc.h **** #ifndef __VECTOR_TABLE
 178:Drivers/CMSIS/Include/cmsis_gcc.h **** #define __VECTOR_TABLE            __Vectors
 179:Drivers/CMSIS/Include/cmsis_gcc.h **** #endif
 180:Drivers/CMSIS/Include/cmsis_gcc.h **** 
 181:Drivers/CMSIS/Include/cmsis_gcc.h **** #ifndef __VECTOR_TABLE_ATTRIBUTE
 182:Drivers/CMSIS/Include/cmsis_gcc.h **** #define __VECTOR_TABLE_ATTRIBUTE  __attribute__((used, section(".vectors")))
 183:Drivers/CMSIS/Include/cmsis_gcc.h **** #endif
 184:Drivers/CMSIS/Include/cmsis_gcc.h **** 
 185:Drivers/CMSIS/Include/cmsis_gcc.h **** #if defined (__ARM_FEATURE_CMSE) && (__ARM_FEATURE_CMSE == 3U)
 186:Drivers/CMSIS/Include/cmsis_gcc.h **** #ifndef __STACK_SEAL
 187:Drivers/CMSIS/Include/cmsis_gcc.h **** #define __STACK_SEAL              __StackSeal
 188:Drivers/CMSIS/Include/cmsis_gcc.h **** #endif
 189:Drivers/CMSIS/Include/cmsis_gcc.h **** 
 190:Drivers/CMSIS/Include/cmsis_gcc.h **** #ifndef __TZ_STACK_SEAL_SIZE
 191:Drivers/CMSIS/Include/cmsis_gcc.h **** #define __TZ_STACK_SEAL_SIZE      8U
 192:Drivers/CMSIS/Include/cmsis_gcc.h **** #endif
 193:Drivers/CMSIS/Include/cmsis_gcc.h **** 
 194:Drivers/CMSIS/Include/cmsis_gcc.h **** #ifndef __TZ_STACK_SEAL_VALUE
 195:Drivers/CMSIS/Include/cmsis_gcc.h **** #define __TZ_STACK_SEAL_VALUE     0xFEF5EDA5FEF5EDA5ULL
 196:Drivers/CMSIS/Include/cmsis_gcc.h **** #endif
 197:Drivers/CMSIS/Include/cmsis_gcc.h **** 
 198:Drivers/CMSIS/Include/cmsis_gcc.h **** 
 199:Drivers/CMSIS/Include/cmsis_gcc.h **** __STATIC_FORCEINLINE void __TZ_set_STACKSEAL_S (uint32_t* stackTop) {
 200:Drivers/CMSIS/Include/cmsis_gcc.h ****   *((uint64_t *)stackTop) = __TZ_STACK_SEAL_VALUE;
 201:Drivers/CMSIS/Include/cmsis_gcc.h **** }
 202:Drivers/CMSIS/Include/cmsis_gcc.h **** #endif
 203:Drivers/CMSIS/Include/cmsis_gcc.h **** 
 204:Drivers/CMSIS/Include/cmsis_gcc.h **** 
 205:Drivers/CMSIS/Include/cmsis_gcc.h **** /* ##########################  Core Instruction Access  ######################### */
 206:Drivers/CMSIS/Include/cmsis_gcc.h **** /** \defgroup CMSIS_Core_InstructionInterface CMSIS Core Instruction Interface
 207:Drivers/CMSIS/Include/cmsis_gcc.h ****   Access to dedicated instructions
 208:Drivers/CMSIS/Include/cmsis_gcc.h ****   @{
 209:Drivers/CMSIS/Include/cmsis_gcc.h **** */
 210:Drivers/CMSIS/Include/cmsis_gcc.h **** 
 211:Drivers/CMSIS/Include/cmsis_gcc.h **** /* Define macros for porting to both thumb1 and thumb2.
 212:Drivers/CMSIS/Include/cmsis_gcc.h ****  * For thumb1, use low register (r0-r7), specified by constraint "l"
 213:Drivers/CMSIS/Include/cmsis_gcc.h ****  * Otherwise, use general registers, specified by constraint "r" */
 214:Drivers/CMSIS/Include/cmsis_gcc.h **** #if defined (__thumb__) && !defined (__thumb2__)
 215:Drivers/CMSIS/Include/cmsis_gcc.h **** #define __CMSIS_GCC_OUT_REG(r) "=l" (r)
 216:Drivers/CMSIS/Include/cmsis_gcc.h **** #define __CMSIS_GCC_RW_REG(r) "+l" (r)
 217:Drivers/CMSIS/Include/cmsis_gcc.h **** #define __CMSIS_GCC_USE_REG(r) "l" (r)
 218:Drivers/CMSIS/Include/cmsis_gcc.h **** #else
 219:Drivers/CMSIS/Include/cmsis_gcc.h **** #define __CMSIS_GCC_OUT_REG(r) "=r" (r)
ARM GAS  /tmp/ccqcQeLt.s 			page 12


 220:Drivers/CMSIS/Include/cmsis_gcc.h **** #define __CMSIS_GCC_RW_REG(r) "+r" (r)
 221:Drivers/CMSIS/Include/cmsis_gcc.h **** #define __CMSIS_GCC_USE_REG(r) "r" (r)
 222:Drivers/CMSIS/Include/cmsis_gcc.h **** #endif
 223:Drivers/CMSIS/Include/cmsis_gcc.h **** 
 224:Drivers/CMSIS/Include/cmsis_gcc.h **** /**
 225:Drivers/CMSIS/Include/cmsis_gcc.h ****   \brief   No Operation
 226:Drivers/CMSIS/Include/cmsis_gcc.h ****   \details No Operation does nothing. This instruction can be used for code alignment purposes.
 227:Drivers/CMSIS/Include/cmsis_gcc.h ****  */
 228:Drivers/CMSIS/Include/cmsis_gcc.h **** #define __NOP()                             __ASM volatile ("nop")
 229:Drivers/CMSIS/Include/cmsis_gcc.h **** 
 230:Drivers/CMSIS/Include/cmsis_gcc.h **** /**
 231:Drivers/CMSIS/Include/cmsis_gcc.h ****   \brief   Wait For Interrupt
 232:Drivers/CMSIS/Include/cmsis_gcc.h ****   \details Wait For Interrupt is a hint instruction that suspends execution until one of a number o
 233:Drivers/CMSIS/Include/cmsis_gcc.h ****  */
 234:Drivers/CMSIS/Include/cmsis_gcc.h **** #define __WFI()                             __ASM volatile ("wfi":::"memory")
 235:Drivers/CMSIS/Include/cmsis_gcc.h **** 
 236:Drivers/CMSIS/Include/cmsis_gcc.h **** 
 237:Drivers/CMSIS/Include/cmsis_gcc.h **** /**
 238:Drivers/CMSIS/Include/cmsis_gcc.h ****   \brief   Wait For Event
 239:Drivers/CMSIS/Include/cmsis_gcc.h ****   \details Wait For Event is a hint instruction that permits the processor to enter
 240:Drivers/CMSIS/Include/cmsis_gcc.h ****            a low-power state until one of a number of events occurs.
 241:Drivers/CMSIS/Include/cmsis_gcc.h ****  */
 242:Drivers/CMSIS/Include/cmsis_gcc.h **** #define __WFE()                             __ASM volatile ("wfe":::"memory")
 243:Drivers/CMSIS/Include/cmsis_gcc.h **** 
 244:Drivers/CMSIS/Include/cmsis_gcc.h **** 
 245:Drivers/CMSIS/Include/cmsis_gcc.h **** /**
 246:Drivers/CMSIS/Include/cmsis_gcc.h ****   \brief   Send Event
 247:Drivers/CMSIS/Include/cmsis_gcc.h ****   \details Send Event is a hint instruction. It causes an event to be signaled to the CPU.
 248:Drivers/CMSIS/Include/cmsis_gcc.h ****  */
 249:Drivers/CMSIS/Include/cmsis_gcc.h **** #define __SEV()                             __ASM volatile ("sev")
 250:Drivers/CMSIS/Include/cmsis_gcc.h **** 
 251:Drivers/CMSIS/Include/cmsis_gcc.h **** 
 252:Drivers/CMSIS/Include/cmsis_gcc.h **** /**
 253:Drivers/CMSIS/Include/cmsis_gcc.h ****   \brief   Instruction Synchronization Barrier
 254:Drivers/CMSIS/Include/cmsis_gcc.h ****   \details Instruction Synchronization Barrier flushes the pipeline in the processor,
 255:Drivers/CMSIS/Include/cmsis_gcc.h ****            so that all instructions following the ISB are fetched from cache or memory,
 256:Drivers/CMSIS/Include/cmsis_gcc.h ****            after the instruction has been completed.
 257:Drivers/CMSIS/Include/cmsis_gcc.h ****  */
 258:Drivers/CMSIS/Include/cmsis_gcc.h **** __STATIC_FORCEINLINE void __ISB(void)
 259:Drivers/CMSIS/Include/cmsis_gcc.h **** {
 260:Drivers/CMSIS/Include/cmsis_gcc.h ****   __ASM volatile ("isb 0xF":::"memory");
 261:Drivers/CMSIS/Include/cmsis_gcc.h **** }
 262:Drivers/CMSIS/Include/cmsis_gcc.h **** 
 263:Drivers/CMSIS/Include/cmsis_gcc.h **** 
 264:Drivers/CMSIS/Include/cmsis_gcc.h **** /**
 265:Drivers/CMSIS/Include/cmsis_gcc.h ****   \brief   Data Synchronization Barrier
 266:Drivers/CMSIS/Include/cmsis_gcc.h ****   \details Acts as a special kind of Data Memory Barrier.
 267:Drivers/CMSIS/Include/cmsis_gcc.h ****            It completes when all explicit memory accesses before this instruction complete.
 268:Drivers/CMSIS/Include/cmsis_gcc.h ****  */
 269:Drivers/CMSIS/Include/cmsis_gcc.h **** __STATIC_FORCEINLINE void __DSB(void)
 270:Drivers/CMSIS/Include/cmsis_gcc.h **** {
 271:Drivers/CMSIS/Include/cmsis_gcc.h ****   __ASM volatile ("dsb 0xF":::"memory");
 272:Drivers/CMSIS/Include/cmsis_gcc.h **** }
 273:Drivers/CMSIS/Include/cmsis_gcc.h **** 
 274:Drivers/CMSIS/Include/cmsis_gcc.h **** 
 275:Drivers/CMSIS/Include/cmsis_gcc.h **** /**
 276:Drivers/CMSIS/Include/cmsis_gcc.h ****   \brief   Data Memory Barrier
ARM GAS  /tmp/ccqcQeLt.s 			page 13


 277:Drivers/CMSIS/Include/cmsis_gcc.h ****   \details Ensures the apparent order of the explicit memory operations before
 278:Drivers/CMSIS/Include/cmsis_gcc.h ****            and after the instruction, without ensuring their completion.
 279:Drivers/CMSIS/Include/cmsis_gcc.h ****  */
 280:Drivers/CMSIS/Include/cmsis_gcc.h **** __STATIC_FORCEINLINE void __DMB(void)
 281:Drivers/CMSIS/Include/cmsis_gcc.h **** {
 282:Drivers/CMSIS/Include/cmsis_gcc.h ****   __ASM volatile ("dmb 0xF":::"memory");
 283:Drivers/CMSIS/Include/cmsis_gcc.h **** }
 284:Drivers/CMSIS/Include/cmsis_gcc.h **** 
 285:Drivers/CMSIS/Include/cmsis_gcc.h **** 
 286:Drivers/CMSIS/Include/cmsis_gcc.h **** /**
 287:Drivers/CMSIS/Include/cmsis_gcc.h ****   \brief   Reverse byte order (32 bit)
 288:Drivers/CMSIS/Include/cmsis_gcc.h ****   \details Reverses the byte order in unsigned integer value. For example, 0x12345678 becomes 0x785
 289:Drivers/CMSIS/Include/cmsis_gcc.h ****   \param [in]    value  Value to reverse
 290:Drivers/CMSIS/Include/cmsis_gcc.h ****   \return               Reversed value
 291:Drivers/CMSIS/Include/cmsis_gcc.h ****  */
 292:Drivers/CMSIS/Include/cmsis_gcc.h **** __STATIC_FORCEINLINE uint32_t __REV(uint32_t value)
 293:Drivers/CMSIS/Include/cmsis_gcc.h **** {
 294:Drivers/CMSIS/Include/cmsis_gcc.h **** #if (__GNUC__ > 4) || (__GNUC__ == 4 && __GNUC_MINOR__ >= 5)
 295:Drivers/CMSIS/Include/cmsis_gcc.h ****   return __builtin_bswap32(value);
 296:Drivers/CMSIS/Include/cmsis_gcc.h **** #else
 297:Drivers/CMSIS/Include/cmsis_gcc.h ****   uint32_t result;
 298:Drivers/CMSIS/Include/cmsis_gcc.h **** 
 299:Drivers/CMSIS/Include/cmsis_gcc.h ****   __ASM ("rev %0, %1" : __CMSIS_GCC_OUT_REG (result) : __CMSIS_GCC_USE_REG (value) );
 300:Drivers/CMSIS/Include/cmsis_gcc.h ****   return result;
 301:Drivers/CMSIS/Include/cmsis_gcc.h **** #endif
 302:Drivers/CMSIS/Include/cmsis_gcc.h **** }
 303:Drivers/CMSIS/Include/cmsis_gcc.h **** 
 304:Drivers/CMSIS/Include/cmsis_gcc.h **** 
 305:Drivers/CMSIS/Include/cmsis_gcc.h **** /**
 306:Drivers/CMSIS/Include/cmsis_gcc.h ****   \brief   Reverse byte order (16 bit)
 307:Drivers/CMSIS/Include/cmsis_gcc.h ****   \details Reverses the byte order within each halfword of a word. For example, 0x12345678 becomes 
 308:Drivers/CMSIS/Include/cmsis_gcc.h ****   \param [in]    value  Value to reverse
 309:Drivers/CMSIS/Include/cmsis_gcc.h ****   \return               Reversed value
 310:Drivers/CMSIS/Include/cmsis_gcc.h ****  */
 311:Drivers/CMSIS/Include/cmsis_gcc.h **** __STATIC_FORCEINLINE uint32_t __REV16(uint32_t value)
 312:Drivers/CMSIS/Include/cmsis_gcc.h **** {
 313:Drivers/CMSIS/Include/cmsis_gcc.h ****   uint32_t result;
 314:Drivers/CMSIS/Include/cmsis_gcc.h **** 
 315:Drivers/CMSIS/Include/cmsis_gcc.h ****   __ASM ("rev16 %0, %1" : __CMSIS_GCC_OUT_REG (result) : __CMSIS_GCC_USE_REG (value) );
 316:Drivers/CMSIS/Include/cmsis_gcc.h ****   return result;
 317:Drivers/CMSIS/Include/cmsis_gcc.h **** }
 318:Drivers/CMSIS/Include/cmsis_gcc.h **** 
 319:Drivers/CMSIS/Include/cmsis_gcc.h **** 
 320:Drivers/CMSIS/Include/cmsis_gcc.h **** /**
 321:Drivers/CMSIS/Include/cmsis_gcc.h ****   \brief   Reverse byte order (16 bit)
 322:Drivers/CMSIS/Include/cmsis_gcc.h ****   \details Reverses the byte order in a 16-bit value and returns the signed 16-bit result. For exam
 323:Drivers/CMSIS/Include/cmsis_gcc.h ****   \param [in]    value  Value to reverse
 324:Drivers/CMSIS/Include/cmsis_gcc.h ****   \return               Reversed value
 325:Drivers/CMSIS/Include/cmsis_gcc.h ****  */
 326:Drivers/CMSIS/Include/cmsis_gcc.h **** __STATIC_FORCEINLINE int16_t __REVSH(int16_t value)
 327:Drivers/CMSIS/Include/cmsis_gcc.h **** {
 328:Drivers/CMSIS/Include/cmsis_gcc.h **** #if (__GNUC__ > 4) || (__GNUC__ == 4 && __GNUC_MINOR__ >= 8)
 329:Drivers/CMSIS/Include/cmsis_gcc.h ****   return (int16_t)__builtin_bswap16(value);
 330:Drivers/CMSIS/Include/cmsis_gcc.h **** #else
 331:Drivers/CMSIS/Include/cmsis_gcc.h ****   int16_t result;
 332:Drivers/CMSIS/Include/cmsis_gcc.h **** 
 333:Drivers/CMSIS/Include/cmsis_gcc.h ****   __ASM ("revsh %0, %1" : __CMSIS_GCC_OUT_REG (result) : __CMSIS_GCC_USE_REG (value) );
ARM GAS  /tmp/ccqcQeLt.s 			page 14


 334:Drivers/CMSIS/Include/cmsis_gcc.h ****   return result;
 335:Drivers/CMSIS/Include/cmsis_gcc.h **** #endif
 336:Drivers/CMSIS/Include/cmsis_gcc.h **** }
 337:Drivers/CMSIS/Include/cmsis_gcc.h **** 
 338:Drivers/CMSIS/Include/cmsis_gcc.h **** 
 339:Drivers/CMSIS/Include/cmsis_gcc.h **** /**
 340:Drivers/CMSIS/Include/cmsis_gcc.h ****   \brief   Rotate Right in unsigned value (32 bit)
 341:Drivers/CMSIS/Include/cmsis_gcc.h ****   \details Rotate Right (immediate) provides the value of the contents of a register rotated by a v
 342:Drivers/CMSIS/Include/cmsis_gcc.h ****   \param [in]    op1  Value to rotate
 343:Drivers/CMSIS/Include/cmsis_gcc.h ****   \param [in]    op2  Number of Bits to rotate
 344:Drivers/CMSIS/Include/cmsis_gcc.h ****   \return               Rotated value
 345:Drivers/CMSIS/Include/cmsis_gcc.h ****  */
 346:Drivers/CMSIS/Include/cmsis_gcc.h **** __STATIC_FORCEINLINE uint32_t __ROR(uint32_t op1, uint32_t op2)
 347:Drivers/CMSIS/Include/cmsis_gcc.h **** {
 348:Drivers/CMSIS/Include/cmsis_gcc.h ****   op2 %= 32U;
 349:Drivers/CMSIS/Include/cmsis_gcc.h ****   if (op2 == 0U)
 350:Drivers/CMSIS/Include/cmsis_gcc.h ****   {
 351:Drivers/CMSIS/Include/cmsis_gcc.h ****     return op1;
 352:Drivers/CMSIS/Include/cmsis_gcc.h ****   }
 353:Drivers/CMSIS/Include/cmsis_gcc.h ****   return (op1 >> op2) | (op1 << (32U - op2));
 354:Drivers/CMSIS/Include/cmsis_gcc.h **** }
 355:Drivers/CMSIS/Include/cmsis_gcc.h **** 
 356:Drivers/CMSIS/Include/cmsis_gcc.h **** 
 357:Drivers/CMSIS/Include/cmsis_gcc.h **** /**
 358:Drivers/CMSIS/Include/cmsis_gcc.h ****   \brief   Breakpoint
 359:Drivers/CMSIS/Include/cmsis_gcc.h ****   \details Causes the processor to enter Debug state.
 360:Drivers/CMSIS/Include/cmsis_gcc.h ****            Debug tools can use this to investigate system state when the instruction at a particula
 361:Drivers/CMSIS/Include/cmsis_gcc.h ****   \param [in]    value  is ignored by the processor.
 362:Drivers/CMSIS/Include/cmsis_gcc.h ****                  If required, a debugger can use it to store additional information about the break
 363:Drivers/CMSIS/Include/cmsis_gcc.h ****  */
 364:Drivers/CMSIS/Include/cmsis_gcc.h **** #define __BKPT(value)                       __ASM volatile ("bkpt "#value)
 365:Drivers/CMSIS/Include/cmsis_gcc.h **** 
 366:Drivers/CMSIS/Include/cmsis_gcc.h **** 
 367:Drivers/CMSIS/Include/cmsis_gcc.h **** /**
 368:Drivers/CMSIS/Include/cmsis_gcc.h ****   \brief   Reverse bit order of value
 369:Drivers/CMSIS/Include/cmsis_gcc.h ****   \details Reverses the bit order of the given value.
 370:Drivers/CMSIS/Include/cmsis_gcc.h ****   \param [in]    value  Value to reverse
 371:Drivers/CMSIS/Include/cmsis_gcc.h ****   \return               Reversed value
 372:Drivers/CMSIS/Include/cmsis_gcc.h ****  */
 373:Drivers/CMSIS/Include/cmsis_gcc.h **** __STATIC_FORCEINLINE uint32_t __RBIT(uint32_t value)
 374:Drivers/CMSIS/Include/cmsis_gcc.h **** {
 375:Drivers/CMSIS/Include/cmsis_gcc.h ****   uint32_t result;
 376:Drivers/CMSIS/Include/cmsis_gcc.h **** 
 377:Drivers/CMSIS/Include/cmsis_gcc.h **** #if ((defined (__ARM_ARCH_7M__      ) && (__ARM_ARCH_7M__      == 1)) || \
 378:Drivers/CMSIS/Include/cmsis_gcc.h ****      (defined (__ARM_ARCH_7EM__     ) && (__ARM_ARCH_7EM__     == 1)) || \
 379:Drivers/CMSIS/Include/cmsis_gcc.h ****      (defined (__ARM_ARCH_8M_MAIN__ ) && (__ARM_ARCH_8M_MAIN__ == 1))    )
 380:Drivers/CMSIS/Include/cmsis_gcc.h ****    __ASM ("rbit %0, %1" : "=r" (result) : "r" (value) );
 381:Drivers/CMSIS/Include/cmsis_gcc.h **** #else
 382:Drivers/CMSIS/Include/cmsis_gcc.h ****   uint32_t s = (4U /*sizeof(v)*/ * 8U) - 1U; /* extra shift needed at end */
 383:Drivers/CMSIS/Include/cmsis_gcc.h **** 
 384:Drivers/CMSIS/Include/cmsis_gcc.h ****   result = value;                      /* r will be reversed bits of v; first get LSB of v */
 385:Drivers/CMSIS/Include/cmsis_gcc.h ****   for (value >>= 1U; value != 0U; value >>= 1U)
 386:Drivers/CMSIS/Include/cmsis_gcc.h ****   {
 387:Drivers/CMSIS/Include/cmsis_gcc.h ****     result <<= 1U;
 388:Drivers/CMSIS/Include/cmsis_gcc.h ****     result |= value & 1U;
 389:Drivers/CMSIS/Include/cmsis_gcc.h ****     s--;
 390:Drivers/CMSIS/Include/cmsis_gcc.h ****   }
ARM GAS  /tmp/ccqcQeLt.s 			page 15


 391:Drivers/CMSIS/Include/cmsis_gcc.h ****   result <<= s;                        /* shift when v's highest bits are zero */
 392:Drivers/CMSIS/Include/cmsis_gcc.h **** #endif
 393:Drivers/CMSIS/Include/cmsis_gcc.h ****   return result;
 394:Drivers/CMSIS/Include/cmsis_gcc.h **** }
 395:Drivers/CMSIS/Include/cmsis_gcc.h **** 
 396:Drivers/CMSIS/Include/cmsis_gcc.h **** 
 397:Drivers/CMSIS/Include/cmsis_gcc.h **** /**
 398:Drivers/CMSIS/Include/cmsis_gcc.h ****   \brief   Count leading zeros
 399:Drivers/CMSIS/Include/cmsis_gcc.h ****   \details Counts the number of leading zeros of a data value.
 400:Drivers/CMSIS/Include/cmsis_gcc.h ****   \param [in]  value  Value to count the leading zeros
 401:Drivers/CMSIS/Include/cmsis_gcc.h ****   \return             number of leading zeros in value
 402:Drivers/CMSIS/Include/cmsis_gcc.h ****  */
 403:Drivers/CMSIS/Include/cmsis_gcc.h **** __STATIC_FORCEINLINE uint8_t __CLZ(uint32_t value)
 404:Drivers/CMSIS/Include/cmsis_gcc.h **** {
 405:Drivers/CMSIS/Include/cmsis_gcc.h ****   /* Even though __builtin_clz produces a CLZ instruction on ARM, formally
 406:Drivers/CMSIS/Include/cmsis_gcc.h ****      __builtin_clz(0) is undefined behaviour, so handle this case specially.
 407:Drivers/CMSIS/Include/cmsis_gcc.h ****      This guarantees ARM-compatible results if happening to compile on a non-ARM
 408:Drivers/CMSIS/Include/cmsis_gcc.h ****      target, and ensures the compiler doesn't decide to activate any
 409:Drivers/CMSIS/Include/cmsis_gcc.h ****      optimisations using the logic "value was passed to __builtin_clz, so it
 410:Drivers/CMSIS/Include/cmsis_gcc.h ****      is non-zero".
 411:Drivers/CMSIS/Include/cmsis_gcc.h ****      ARM GCC 7.3 and possibly earlier will optimise this test away, leaving a
 412:Drivers/CMSIS/Include/cmsis_gcc.h ****      single CLZ instruction.
 413:Drivers/CMSIS/Include/cmsis_gcc.h ****    */
 414:Drivers/CMSIS/Include/cmsis_gcc.h ****   if (value == 0U)
 415:Drivers/CMSIS/Include/cmsis_gcc.h ****   {
 416:Drivers/CMSIS/Include/cmsis_gcc.h ****     return 32U;
 417:Drivers/CMSIS/Include/cmsis_gcc.h ****   }
 418:Drivers/CMSIS/Include/cmsis_gcc.h ****   return __builtin_clz(value);
 419:Drivers/CMSIS/Include/cmsis_gcc.h **** }
 420:Drivers/CMSIS/Include/cmsis_gcc.h **** 
 421:Drivers/CMSIS/Include/cmsis_gcc.h **** 
 422:Drivers/CMSIS/Include/cmsis_gcc.h **** #if ((defined (__ARM_ARCH_7M__      ) && (__ARM_ARCH_7M__      == 1)) || \
 423:Drivers/CMSIS/Include/cmsis_gcc.h ****      (defined (__ARM_ARCH_7EM__     ) && (__ARM_ARCH_7EM__     == 1)) || \
 424:Drivers/CMSIS/Include/cmsis_gcc.h ****      (defined (__ARM_ARCH_8M_MAIN__ ) && (__ARM_ARCH_8M_MAIN__ == 1)) || \
 425:Drivers/CMSIS/Include/cmsis_gcc.h ****      (defined (__ARM_ARCH_8M_BASE__ ) && (__ARM_ARCH_8M_BASE__ == 1))    )
 426:Drivers/CMSIS/Include/cmsis_gcc.h **** /**
 427:Drivers/CMSIS/Include/cmsis_gcc.h ****   \brief   LDR Exclusive (8 bit)
 428:Drivers/CMSIS/Include/cmsis_gcc.h ****   \details Executes a exclusive LDR instruction for 8 bit value.
 429:Drivers/CMSIS/Include/cmsis_gcc.h ****   \param [in]    ptr  Pointer to data
 430:Drivers/CMSIS/Include/cmsis_gcc.h ****   \return             value of type uint8_t at (*ptr)
 431:Drivers/CMSIS/Include/cmsis_gcc.h ****  */
 432:Drivers/CMSIS/Include/cmsis_gcc.h **** __STATIC_FORCEINLINE uint8_t __LDREXB(volatile uint8_t *addr)
 433:Drivers/CMSIS/Include/cmsis_gcc.h **** {
 434:Drivers/CMSIS/Include/cmsis_gcc.h ****     uint32_t result;
 435:Drivers/CMSIS/Include/cmsis_gcc.h **** 
 436:Drivers/CMSIS/Include/cmsis_gcc.h **** #if (__GNUC__ > 4) || (__GNUC__ == 4 && __GNUC_MINOR__ >= 8)
 437:Drivers/CMSIS/Include/cmsis_gcc.h ****    __ASM volatile ("ldrexb %0, %1" : "=r" (result) : "Q" (*addr) );
 438:Drivers/CMSIS/Include/cmsis_gcc.h **** #else
 439:Drivers/CMSIS/Include/cmsis_gcc.h ****     /* Prior to GCC 4.8, "Q" will be expanded to [rx, #0] which is not
 440:Drivers/CMSIS/Include/cmsis_gcc.h ****        accepted by assembler. So has to use following less efficient pattern.
 441:Drivers/CMSIS/Include/cmsis_gcc.h ****     */
 442:Drivers/CMSIS/Include/cmsis_gcc.h ****    __ASM volatile ("ldrexb %0, [%1]" : "=r" (result) : "r" (addr) : "memory" );
 443:Drivers/CMSIS/Include/cmsis_gcc.h **** #endif
 444:Drivers/CMSIS/Include/cmsis_gcc.h ****    return ((uint8_t) result);    /* Add explicit type cast here */
 445:Drivers/CMSIS/Include/cmsis_gcc.h **** }
 446:Drivers/CMSIS/Include/cmsis_gcc.h **** 
 447:Drivers/CMSIS/Include/cmsis_gcc.h **** 
ARM GAS  /tmp/ccqcQeLt.s 			page 16


 448:Drivers/CMSIS/Include/cmsis_gcc.h **** /**
 449:Drivers/CMSIS/Include/cmsis_gcc.h ****   \brief   LDR Exclusive (16 bit)
 450:Drivers/CMSIS/Include/cmsis_gcc.h ****   \details Executes a exclusive LDR instruction for 16 bit values.
 451:Drivers/CMSIS/Include/cmsis_gcc.h ****   \param [in]    ptr  Pointer to data
 452:Drivers/CMSIS/Include/cmsis_gcc.h ****   \return        value of type uint16_t at (*ptr)
 453:Drivers/CMSIS/Include/cmsis_gcc.h ****  */
 454:Drivers/CMSIS/Include/cmsis_gcc.h **** __STATIC_FORCEINLINE uint16_t __LDREXH(volatile uint16_t *addr)
 455:Drivers/CMSIS/Include/cmsis_gcc.h **** {
 456:Drivers/CMSIS/Include/cmsis_gcc.h ****     uint32_t result;
 457:Drivers/CMSIS/Include/cmsis_gcc.h **** 
 458:Drivers/CMSIS/Include/cmsis_gcc.h **** #if (__GNUC__ > 4) || (__GNUC__ == 4 && __GNUC_MINOR__ >= 8)
 459:Drivers/CMSIS/Include/cmsis_gcc.h ****    __ASM volatile ("ldrexh %0, %1" : "=r" (result) : "Q" (*addr) );
 460:Drivers/CMSIS/Include/cmsis_gcc.h **** #else
 461:Drivers/CMSIS/Include/cmsis_gcc.h ****     /* Prior to GCC 4.8, "Q" will be expanded to [rx, #0] which is not
 462:Drivers/CMSIS/Include/cmsis_gcc.h ****        accepted by assembler. So has to use following less efficient pattern.
 463:Drivers/CMSIS/Include/cmsis_gcc.h ****     */
 464:Drivers/CMSIS/Include/cmsis_gcc.h ****    __ASM volatile ("ldrexh %0, [%1]" : "=r" (result) : "r" (addr) : "memory" );
 465:Drivers/CMSIS/Include/cmsis_gcc.h **** #endif
 466:Drivers/CMSIS/Include/cmsis_gcc.h ****    return ((uint16_t) result);    /* Add explicit type cast here */
 467:Drivers/CMSIS/Include/cmsis_gcc.h **** }
 468:Drivers/CMSIS/Include/cmsis_gcc.h **** 
 469:Drivers/CMSIS/Include/cmsis_gcc.h **** 
 470:Drivers/CMSIS/Include/cmsis_gcc.h **** /**
 471:Drivers/CMSIS/Include/cmsis_gcc.h ****   \brief   LDR Exclusive (32 bit)
 472:Drivers/CMSIS/Include/cmsis_gcc.h ****   \details Executes a exclusive LDR instruction for 32 bit values.
 473:Drivers/CMSIS/Include/cmsis_gcc.h ****   \param [in]    ptr  Pointer to data
 474:Drivers/CMSIS/Include/cmsis_gcc.h ****   \return        value of type uint32_t at (*ptr)
 475:Drivers/CMSIS/Include/cmsis_gcc.h ****  */
 476:Drivers/CMSIS/Include/cmsis_gcc.h **** __STATIC_FORCEINLINE uint32_t __LDREXW(volatile uint32_t *addr)
 477:Drivers/CMSIS/Include/cmsis_gcc.h **** {
 478:Drivers/CMSIS/Include/cmsis_gcc.h ****     uint32_t result;
 479:Drivers/CMSIS/Include/cmsis_gcc.h **** 
 480:Drivers/CMSIS/Include/cmsis_gcc.h ****    __ASM volatile ("ldrex %0, %1" : "=r" (result) : "Q" (*addr) );
 481:Drivers/CMSIS/Include/cmsis_gcc.h ****    return(result);
 482:Drivers/CMSIS/Include/cmsis_gcc.h **** }
 483:Drivers/CMSIS/Include/cmsis_gcc.h **** 
 484:Drivers/CMSIS/Include/cmsis_gcc.h **** 
 485:Drivers/CMSIS/Include/cmsis_gcc.h **** /**
 486:Drivers/CMSIS/Include/cmsis_gcc.h ****   \brief   STR Exclusive (8 bit)
 487:Drivers/CMSIS/Include/cmsis_gcc.h ****   \details Executes a exclusive STR instruction for 8 bit values.
 488:Drivers/CMSIS/Include/cmsis_gcc.h ****   \param [in]  value  Value to store
 489:Drivers/CMSIS/Include/cmsis_gcc.h ****   \param [in]    ptr  Pointer to location
 490:Drivers/CMSIS/Include/cmsis_gcc.h ****   \return          0  Function succeeded
 491:Drivers/CMSIS/Include/cmsis_gcc.h ****   \return          1  Function failed
 492:Drivers/CMSIS/Include/cmsis_gcc.h ****  */
 493:Drivers/CMSIS/Include/cmsis_gcc.h **** __STATIC_FORCEINLINE uint32_t __STREXB(uint8_t value, volatile uint8_t *addr)
 494:Drivers/CMSIS/Include/cmsis_gcc.h **** {
 495:Drivers/CMSIS/Include/cmsis_gcc.h ****    uint32_t result;
 496:Drivers/CMSIS/Include/cmsis_gcc.h **** 
 497:Drivers/CMSIS/Include/cmsis_gcc.h ****    __ASM volatile ("strexb %0, %2, %1" : "=&r" (result), "=Q" (*addr) : "r" ((uint32_t)value) );
 498:Drivers/CMSIS/Include/cmsis_gcc.h ****    return(result);
 499:Drivers/CMSIS/Include/cmsis_gcc.h **** }
 500:Drivers/CMSIS/Include/cmsis_gcc.h **** 
 501:Drivers/CMSIS/Include/cmsis_gcc.h **** 
 502:Drivers/CMSIS/Include/cmsis_gcc.h **** /**
 503:Drivers/CMSIS/Include/cmsis_gcc.h ****   \brief   STR Exclusive (16 bit)
 504:Drivers/CMSIS/Include/cmsis_gcc.h ****   \details Executes a exclusive STR instruction for 16 bit values.
ARM GAS  /tmp/ccqcQeLt.s 			page 17


 505:Drivers/CMSIS/Include/cmsis_gcc.h ****   \param [in]  value  Value to store
 506:Drivers/CMSIS/Include/cmsis_gcc.h ****   \param [in]    ptr  Pointer to location
 507:Drivers/CMSIS/Include/cmsis_gcc.h ****   \return          0  Function succeeded
 508:Drivers/CMSIS/Include/cmsis_gcc.h ****   \return          1  Function failed
 509:Drivers/CMSIS/Include/cmsis_gcc.h ****  */
 510:Drivers/CMSIS/Include/cmsis_gcc.h **** __STATIC_FORCEINLINE uint32_t __STREXH(uint16_t value, volatile uint16_t *addr)
 511:Drivers/CMSIS/Include/cmsis_gcc.h **** {
 512:Drivers/CMSIS/Include/cmsis_gcc.h ****    uint32_t result;
 513:Drivers/CMSIS/Include/cmsis_gcc.h **** 
 514:Drivers/CMSIS/Include/cmsis_gcc.h ****    __ASM volatile ("strexh %0, %2, %1" : "=&r" (result), "=Q" (*addr) : "r" ((uint32_t)value) );
 515:Drivers/CMSIS/Include/cmsis_gcc.h ****    return(result);
 516:Drivers/CMSIS/Include/cmsis_gcc.h **** }
 517:Drivers/CMSIS/Include/cmsis_gcc.h **** 
 518:Drivers/CMSIS/Include/cmsis_gcc.h **** 
 519:Drivers/CMSIS/Include/cmsis_gcc.h **** /**
 520:Drivers/CMSIS/Include/cmsis_gcc.h ****   \brief   STR Exclusive (32 bit)
 521:Drivers/CMSIS/Include/cmsis_gcc.h ****   \details Executes a exclusive STR instruction for 32 bit values.
 522:Drivers/CMSIS/Include/cmsis_gcc.h ****   \param [in]  value  Value to store
 523:Drivers/CMSIS/Include/cmsis_gcc.h ****   \param [in]    ptr  Pointer to location
 524:Drivers/CMSIS/Include/cmsis_gcc.h ****   \return          0  Function succeeded
 525:Drivers/CMSIS/Include/cmsis_gcc.h ****   \return          1  Function failed
 526:Drivers/CMSIS/Include/cmsis_gcc.h ****  */
 527:Drivers/CMSIS/Include/cmsis_gcc.h **** __STATIC_FORCEINLINE uint32_t __STREXW(uint32_t value, volatile uint32_t *addr)
 528:Drivers/CMSIS/Include/cmsis_gcc.h **** {
 529:Drivers/CMSIS/Include/cmsis_gcc.h ****    uint32_t result;
 530:Drivers/CMSIS/Include/cmsis_gcc.h **** 
 531:Drivers/CMSIS/Include/cmsis_gcc.h ****    __ASM volatile ("strex %0, %2, %1" : "=&r" (result), "=Q" (*addr) : "r" (value) );
 532:Drivers/CMSIS/Include/cmsis_gcc.h ****    return(result);
 533:Drivers/CMSIS/Include/cmsis_gcc.h **** }
 534:Drivers/CMSIS/Include/cmsis_gcc.h **** 
 535:Drivers/CMSIS/Include/cmsis_gcc.h **** 
 536:Drivers/CMSIS/Include/cmsis_gcc.h **** /**
 537:Drivers/CMSIS/Include/cmsis_gcc.h ****   \brief   Remove the exclusive lock
 538:Drivers/CMSIS/Include/cmsis_gcc.h ****   \details Removes the exclusive lock which is created by LDREX.
 539:Drivers/CMSIS/Include/cmsis_gcc.h ****  */
 540:Drivers/CMSIS/Include/cmsis_gcc.h **** __STATIC_FORCEINLINE void __CLREX(void)
 541:Drivers/CMSIS/Include/cmsis_gcc.h **** {
 542:Drivers/CMSIS/Include/cmsis_gcc.h ****   __ASM volatile ("clrex" ::: "memory");
 543:Drivers/CMSIS/Include/cmsis_gcc.h **** }
 544:Drivers/CMSIS/Include/cmsis_gcc.h **** 
 545:Drivers/CMSIS/Include/cmsis_gcc.h **** #endif /* ((defined (__ARM_ARCH_7M__      ) && (__ARM_ARCH_7M__      == 1)) || \
 546:Drivers/CMSIS/Include/cmsis_gcc.h ****            (defined (__ARM_ARCH_7EM__     ) && (__ARM_ARCH_7EM__     == 1)) || \
 547:Drivers/CMSIS/Include/cmsis_gcc.h ****            (defined (__ARM_ARCH_8M_MAIN__ ) && (__ARM_ARCH_8M_MAIN__ == 1)) || \
 548:Drivers/CMSIS/Include/cmsis_gcc.h ****            (defined (__ARM_ARCH_8M_BASE__ ) && (__ARM_ARCH_8M_BASE__ == 1))    ) */
 549:Drivers/CMSIS/Include/cmsis_gcc.h **** 
 550:Drivers/CMSIS/Include/cmsis_gcc.h **** 
 551:Drivers/CMSIS/Include/cmsis_gcc.h **** #if ((defined (__ARM_ARCH_7M__      ) && (__ARM_ARCH_7M__      == 1)) || \
 552:Drivers/CMSIS/Include/cmsis_gcc.h ****      (defined (__ARM_ARCH_7EM__     ) && (__ARM_ARCH_7EM__     == 1)) || \
 553:Drivers/CMSIS/Include/cmsis_gcc.h ****      (defined (__ARM_ARCH_8M_MAIN__ ) && (__ARM_ARCH_8M_MAIN__ == 1))    )
 554:Drivers/CMSIS/Include/cmsis_gcc.h **** /**
 555:Drivers/CMSIS/Include/cmsis_gcc.h ****   \brief   Signed Saturate
 556:Drivers/CMSIS/Include/cmsis_gcc.h ****   \details Saturates a signed value.
 557:Drivers/CMSIS/Include/cmsis_gcc.h ****   \param [in]  ARG1  Value to be saturated
 558:Drivers/CMSIS/Include/cmsis_gcc.h ****   \param [in]  ARG2  Bit position to saturate to (1..32)
 559:Drivers/CMSIS/Include/cmsis_gcc.h ****   \return             Saturated value
 560:Drivers/CMSIS/Include/cmsis_gcc.h ****  */
 561:Drivers/CMSIS/Include/cmsis_gcc.h **** #define __SSAT(ARG1, ARG2) \
ARM GAS  /tmp/ccqcQeLt.s 			page 18


 562:Drivers/CMSIS/Include/cmsis_gcc.h **** __extension__ \
 563:Drivers/CMSIS/Include/cmsis_gcc.h **** ({                          \
 564:Drivers/CMSIS/Include/cmsis_gcc.h ****   int32_t __RES, __ARG1 = (ARG1); \
 565:Drivers/CMSIS/Include/cmsis_gcc.h ****   __ASM volatile ("ssat %0, %1, %2" : "=r" (__RES) :  "I" (ARG2), "r" (__ARG1) : "cc" ); \
 566:Drivers/CMSIS/Include/cmsis_gcc.h ****   __RES; \
 567:Drivers/CMSIS/Include/cmsis_gcc.h ****  })
 568:Drivers/CMSIS/Include/cmsis_gcc.h **** 
 569:Drivers/CMSIS/Include/cmsis_gcc.h **** 
 570:Drivers/CMSIS/Include/cmsis_gcc.h **** /**
 571:Drivers/CMSIS/Include/cmsis_gcc.h ****   \brief   Unsigned Saturate
 572:Drivers/CMSIS/Include/cmsis_gcc.h ****   \details Saturates an unsigned value.
 573:Drivers/CMSIS/Include/cmsis_gcc.h ****   \param [in]  ARG1  Value to be saturated
 574:Drivers/CMSIS/Include/cmsis_gcc.h ****   \param [in]  ARG2  Bit position to saturate to (0..31)
 575:Drivers/CMSIS/Include/cmsis_gcc.h ****   \return             Saturated value
 576:Drivers/CMSIS/Include/cmsis_gcc.h ****  */
 577:Drivers/CMSIS/Include/cmsis_gcc.h **** #define __USAT(ARG1, ARG2) \
 578:Drivers/CMSIS/Include/cmsis_gcc.h **** __extension__ \
 579:Drivers/CMSIS/Include/cmsis_gcc.h **** ({                          \
 580:Drivers/CMSIS/Include/cmsis_gcc.h ****   uint32_t __RES, __ARG1 = (ARG1); \
 581:Drivers/CMSIS/Include/cmsis_gcc.h ****   __ASM volatile ("usat %0, %1, %2" : "=r" (__RES) :  "I" (ARG2), "r" (__ARG1) : "cc" ); \
 582:Drivers/CMSIS/Include/cmsis_gcc.h ****   __RES; \
 583:Drivers/CMSIS/Include/cmsis_gcc.h ****  })
 584:Drivers/CMSIS/Include/cmsis_gcc.h **** 
 585:Drivers/CMSIS/Include/cmsis_gcc.h **** 
 586:Drivers/CMSIS/Include/cmsis_gcc.h **** /**
 587:Drivers/CMSIS/Include/cmsis_gcc.h ****   \brief   Rotate Right with Extend (32 bit)
 588:Drivers/CMSIS/Include/cmsis_gcc.h ****   \details Moves each bit of a bitstring right by one bit.
 589:Drivers/CMSIS/Include/cmsis_gcc.h ****            The carry input is shifted in at the left end of the bitstring.
 590:Drivers/CMSIS/Include/cmsis_gcc.h ****   \param [in]    value  Value to rotate
 591:Drivers/CMSIS/Include/cmsis_gcc.h ****   \return               Rotated value
 592:Drivers/CMSIS/Include/cmsis_gcc.h ****  */
 593:Drivers/CMSIS/Include/cmsis_gcc.h **** __STATIC_FORCEINLINE uint32_t __RRX(uint32_t value)
 594:Drivers/CMSIS/Include/cmsis_gcc.h **** {
 595:Drivers/CMSIS/Include/cmsis_gcc.h ****   uint32_t result;
 596:Drivers/CMSIS/Include/cmsis_gcc.h **** 
 597:Drivers/CMSIS/Include/cmsis_gcc.h ****   __ASM volatile ("rrx %0, %1" : __CMSIS_GCC_OUT_REG (result) : __CMSIS_GCC_USE_REG (value) );
 598:Drivers/CMSIS/Include/cmsis_gcc.h ****   return(result);
 599:Drivers/CMSIS/Include/cmsis_gcc.h **** }
 600:Drivers/CMSIS/Include/cmsis_gcc.h **** 
 601:Drivers/CMSIS/Include/cmsis_gcc.h **** 
 602:Drivers/CMSIS/Include/cmsis_gcc.h **** /**
 603:Drivers/CMSIS/Include/cmsis_gcc.h ****   \brief   LDRT Unprivileged (8 bit)
 604:Drivers/CMSIS/Include/cmsis_gcc.h ****   \details Executes a Unprivileged LDRT instruction for 8 bit value.
 605:Drivers/CMSIS/Include/cmsis_gcc.h ****   \param [in]    ptr  Pointer to data
 606:Drivers/CMSIS/Include/cmsis_gcc.h ****   \return             value of type uint8_t at (*ptr)
 607:Drivers/CMSIS/Include/cmsis_gcc.h ****  */
 608:Drivers/CMSIS/Include/cmsis_gcc.h **** __STATIC_FORCEINLINE uint8_t __LDRBT(volatile uint8_t *ptr)
 609:Drivers/CMSIS/Include/cmsis_gcc.h **** {
 610:Drivers/CMSIS/Include/cmsis_gcc.h ****     uint32_t result;
 611:Drivers/CMSIS/Include/cmsis_gcc.h **** 
 612:Drivers/CMSIS/Include/cmsis_gcc.h **** #if (__GNUC__ > 4) || (__GNUC__ == 4 && __GNUC_MINOR__ >= 8)
 613:Drivers/CMSIS/Include/cmsis_gcc.h ****    __ASM volatile ("ldrbt %0, %1" : "=r" (result) : "Q" (*ptr) );
 614:Drivers/CMSIS/Include/cmsis_gcc.h **** #else
 615:Drivers/CMSIS/Include/cmsis_gcc.h ****     /* Prior to GCC 4.8, "Q" will be expanded to [rx, #0] which is not
 616:Drivers/CMSIS/Include/cmsis_gcc.h ****        accepted by assembler. So has to use following less efficient pattern.
 617:Drivers/CMSIS/Include/cmsis_gcc.h ****     */
 618:Drivers/CMSIS/Include/cmsis_gcc.h ****    __ASM volatile ("ldrbt %0, [%1]" : "=r" (result) : "r" (ptr) : "memory" );
ARM GAS  /tmp/ccqcQeLt.s 			page 19


 619:Drivers/CMSIS/Include/cmsis_gcc.h **** #endif
 620:Drivers/CMSIS/Include/cmsis_gcc.h ****    return ((uint8_t) result);    /* Add explicit type cast here */
 621:Drivers/CMSIS/Include/cmsis_gcc.h **** }
 622:Drivers/CMSIS/Include/cmsis_gcc.h **** 
 623:Drivers/CMSIS/Include/cmsis_gcc.h **** 
 624:Drivers/CMSIS/Include/cmsis_gcc.h **** /**
 625:Drivers/CMSIS/Include/cmsis_gcc.h ****   \brief   LDRT Unprivileged (16 bit)
 626:Drivers/CMSIS/Include/cmsis_gcc.h ****   \details Executes a Unprivileged LDRT instruction for 16 bit values.
 627:Drivers/CMSIS/Include/cmsis_gcc.h ****   \param [in]    ptr  Pointer to data
 628:Drivers/CMSIS/Include/cmsis_gcc.h ****   \return        value of type uint16_t at (*ptr)
 629:Drivers/CMSIS/Include/cmsis_gcc.h ****  */
 630:Drivers/CMSIS/Include/cmsis_gcc.h **** __STATIC_FORCEINLINE uint16_t __LDRHT(volatile uint16_t *ptr)
 631:Drivers/CMSIS/Include/cmsis_gcc.h **** {
 632:Drivers/CMSIS/Include/cmsis_gcc.h ****     uint32_t result;
 633:Drivers/CMSIS/Include/cmsis_gcc.h **** 
 634:Drivers/CMSIS/Include/cmsis_gcc.h **** #if (__GNUC__ > 4) || (__GNUC__ == 4 && __GNUC_MINOR__ >= 8)
 635:Drivers/CMSIS/Include/cmsis_gcc.h ****    __ASM volatile ("ldrht %0, %1" : "=r" (result) : "Q" (*ptr) );
 636:Drivers/CMSIS/Include/cmsis_gcc.h **** #else
 637:Drivers/CMSIS/Include/cmsis_gcc.h ****     /* Prior to GCC 4.8, "Q" will be expanded to [rx, #0] which is not
 638:Drivers/CMSIS/Include/cmsis_gcc.h ****        accepted by assembler. So has to use following less efficient pattern.
 639:Drivers/CMSIS/Include/cmsis_gcc.h ****     */
 640:Drivers/CMSIS/Include/cmsis_gcc.h ****    __ASM volatile ("ldrht %0, [%1]" : "=r" (result) : "r" (ptr) : "memory" );
 641:Drivers/CMSIS/Include/cmsis_gcc.h **** #endif
 642:Drivers/CMSIS/Include/cmsis_gcc.h ****    return ((uint16_t) result);    /* Add explicit type cast here */
 643:Drivers/CMSIS/Include/cmsis_gcc.h **** }
 644:Drivers/CMSIS/Include/cmsis_gcc.h **** 
 645:Drivers/CMSIS/Include/cmsis_gcc.h **** 
 646:Drivers/CMSIS/Include/cmsis_gcc.h **** /**
 647:Drivers/CMSIS/Include/cmsis_gcc.h ****   \brief   LDRT Unprivileged (32 bit)
 648:Drivers/CMSIS/Include/cmsis_gcc.h ****   \details Executes a Unprivileged LDRT instruction for 32 bit values.
 649:Drivers/CMSIS/Include/cmsis_gcc.h ****   \param [in]    ptr  Pointer to data
 650:Drivers/CMSIS/Include/cmsis_gcc.h ****   \return        value of type uint32_t at (*ptr)
 651:Drivers/CMSIS/Include/cmsis_gcc.h ****  */
 652:Drivers/CMSIS/Include/cmsis_gcc.h **** __STATIC_FORCEINLINE uint32_t __LDRT(volatile uint32_t *ptr)
 653:Drivers/CMSIS/Include/cmsis_gcc.h **** {
 654:Drivers/CMSIS/Include/cmsis_gcc.h ****     uint32_t result;
 655:Drivers/CMSIS/Include/cmsis_gcc.h **** 
 656:Drivers/CMSIS/Include/cmsis_gcc.h ****    __ASM volatile ("ldrt %0, %1" : "=r" (result) : "Q" (*ptr) );
 657:Drivers/CMSIS/Include/cmsis_gcc.h ****    return(result);
 658:Drivers/CMSIS/Include/cmsis_gcc.h **** }
 659:Drivers/CMSIS/Include/cmsis_gcc.h **** 
 660:Drivers/CMSIS/Include/cmsis_gcc.h **** 
 661:Drivers/CMSIS/Include/cmsis_gcc.h **** /**
 662:Drivers/CMSIS/Include/cmsis_gcc.h ****   \brief   STRT Unprivileged (8 bit)
 663:Drivers/CMSIS/Include/cmsis_gcc.h ****   \details Executes a Unprivileged STRT instruction for 8 bit values.
 664:Drivers/CMSIS/Include/cmsis_gcc.h ****   \param [in]  value  Value to store
 665:Drivers/CMSIS/Include/cmsis_gcc.h ****   \param [in]    ptr  Pointer to location
 666:Drivers/CMSIS/Include/cmsis_gcc.h ****  */
 667:Drivers/CMSIS/Include/cmsis_gcc.h **** __STATIC_FORCEINLINE void __STRBT(uint8_t value, volatile uint8_t *ptr)
 668:Drivers/CMSIS/Include/cmsis_gcc.h **** {
 669:Drivers/CMSIS/Include/cmsis_gcc.h ****    __ASM volatile ("strbt %1, %0" : "=Q" (*ptr) : "r" ((uint32_t)value) );
 670:Drivers/CMSIS/Include/cmsis_gcc.h **** }
 671:Drivers/CMSIS/Include/cmsis_gcc.h **** 
 672:Drivers/CMSIS/Include/cmsis_gcc.h **** 
 673:Drivers/CMSIS/Include/cmsis_gcc.h **** /**
 674:Drivers/CMSIS/Include/cmsis_gcc.h ****   \brief   STRT Unprivileged (16 bit)
 675:Drivers/CMSIS/Include/cmsis_gcc.h ****   \details Executes a Unprivileged STRT instruction for 16 bit values.
ARM GAS  /tmp/ccqcQeLt.s 			page 20


 676:Drivers/CMSIS/Include/cmsis_gcc.h ****   \param [in]  value  Value to store
 677:Drivers/CMSIS/Include/cmsis_gcc.h ****   \param [in]    ptr  Pointer to location
 678:Drivers/CMSIS/Include/cmsis_gcc.h ****  */
 679:Drivers/CMSIS/Include/cmsis_gcc.h **** __STATIC_FORCEINLINE void __STRHT(uint16_t value, volatile uint16_t *ptr)
 680:Drivers/CMSIS/Include/cmsis_gcc.h **** {
 681:Drivers/CMSIS/Include/cmsis_gcc.h ****    __ASM volatile ("strht %1, %0" : "=Q" (*ptr) : "r" ((uint32_t)value) );
 682:Drivers/CMSIS/Include/cmsis_gcc.h **** }
 683:Drivers/CMSIS/Include/cmsis_gcc.h **** 
 684:Drivers/CMSIS/Include/cmsis_gcc.h **** 
 685:Drivers/CMSIS/Include/cmsis_gcc.h **** /**
 686:Drivers/CMSIS/Include/cmsis_gcc.h ****   \brief   STRT Unprivileged (32 bit)
 687:Drivers/CMSIS/Include/cmsis_gcc.h ****   \details Executes a Unprivileged STRT instruction for 32 bit values.
 688:Drivers/CMSIS/Include/cmsis_gcc.h ****   \param [in]  value  Value to store
 689:Drivers/CMSIS/Include/cmsis_gcc.h ****   \param [in]    ptr  Pointer to location
 690:Drivers/CMSIS/Include/cmsis_gcc.h ****  */
 691:Drivers/CMSIS/Include/cmsis_gcc.h **** __STATIC_FORCEINLINE void __STRT(uint32_t value, volatile uint32_t *ptr)
 692:Drivers/CMSIS/Include/cmsis_gcc.h **** {
 693:Drivers/CMSIS/Include/cmsis_gcc.h ****    __ASM volatile ("strt %1, %0" : "=Q" (*ptr) : "r" (value) );
 694:Drivers/CMSIS/Include/cmsis_gcc.h **** }
 695:Drivers/CMSIS/Include/cmsis_gcc.h **** 
 696:Drivers/CMSIS/Include/cmsis_gcc.h **** #else  /* ((defined (__ARM_ARCH_7M__      ) && (__ARM_ARCH_7M__      == 1)) || \
 697:Drivers/CMSIS/Include/cmsis_gcc.h ****            (defined (__ARM_ARCH_7EM__     ) && (__ARM_ARCH_7EM__     == 1)) || \
 698:Drivers/CMSIS/Include/cmsis_gcc.h ****            (defined (__ARM_ARCH_8M_MAIN__ ) && (__ARM_ARCH_8M_MAIN__ == 1))    ) */
 699:Drivers/CMSIS/Include/cmsis_gcc.h **** 
 700:Drivers/CMSIS/Include/cmsis_gcc.h **** /**
 701:Drivers/CMSIS/Include/cmsis_gcc.h ****   \brief   Signed Saturate
 702:Drivers/CMSIS/Include/cmsis_gcc.h ****   \details Saturates a signed value.
 703:Drivers/CMSIS/Include/cmsis_gcc.h ****   \param [in]  value  Value to be saturated
 704:Drivers/CMSIS/Include/cmsis_gcc.h ****   \param [in]    sat  Bit position to saturate to (1..32)
 705:Drivers/CMSIS/Include/cmsis_gcc.h ****   \return             Saturated value
 706:Drivers/CMSIS/Include/cmsis_gcc.h ****  */
 707:Drivers/CMSIS/Include/cmsis_gcc.h **** __STATIC_FORCEINLINE int32_t __SSAT(int32_t val, uint32_t sat)
 708:Drivers/CMSIS/Include/cmsis_gcc.h **** {
 709:Drivers/CMSIS/Include/cmsis_gcc.h ****   if ((sat >= 1U) && (sat <= 32U))
 710:Drivers/CMSIS/Include/cmsis_gcc.h ****   {
 711:Drivers/CMSIS/Include/cmsis_gcc.h ****     const int32_t max = (int32_t)((1U << (sat - 1U)) - 1U);
 712:Drivers/CMSIS/Include/cmsis_gcc.h ****     const int32_t min = -1 - max ;
 713:Drivers/CMSIS/Include/cmsis_gcc.h ****     if (val > max)
 714:Drivers/CMSIS/Include/cmsis_gcc.h ****     {
 715:Drivers/CMSIS/Include/cmsis_gcc.h ****       return max;
 716:Drivers/CMSIS/Include/cmsis_gcc.h ****     }
 717:Drivers/CMSIS/Include/cmsis_gcc.h ****     else if (val < min)
 718:Drivers/CMSIS/Include/cmsis_gcc.h ****     {
 719:Drivers/CMSIS/Include/cmsis_gcc.h ****       return min;
 720:Drivers/CMSIS/Include/cmsis_gcc.h ****     }
 721:Drivers/CMSIS/Include/cmsis_gcc.h ****   }
 722:Drivers/CMSIS/Include/cmsis_gcc.h ****   return val;
 723:Drivers/CMSIS/Include/cmsis_gcc.h **** }
 724:Drivers/CMSIS/Include/cmsis_gcc.h **** 
 725:Drivers/CMSIS/Include/cmsis_gcc.h **** /**
 726:Drivers/CMSIS/Include/cmsis_gcc.h ****   \brief   Unsigned Saturate
 727:Drivers/CMSIS/Include/cmsis_gcc.h ****   \details Saturates an unsigned value.
 728:Drivers/CMSIS/Include/cmsis_gcc.h ****   \param [in]  value  Value to be saturated
 729:Drivers/CMSIS/Include/cmsis_gcc.h ****   \param [in]    sat  Bit position to saturate to (0..31)
 730:Drivers/CMSIS/Include/cmsis_gcc.h ****   \return             Saturated value
 731:Drivers/CMSIS/Include/cmsis_gcc.h ****  */
 732:Drivers/CMSIS/Include/cmsis_gcc.h **** __STATIC_FORCEINLINE uint32_t __USAT(int32_t val, uint32_t sat)
ARM GAS  /tmp/ccqcQeLt.s 			page 21


 733:Drivers/CMSIS/Include/cmsis_gcc.h **** {
 734:Drivers/CMSIS/Include/cmsis_gcc.h ****   if (sat <= 31U)
 735:Drivers/CMSIS/Include/cmsis_gcc.h ****   {
 736:Drivers/CMSIS/Include/cmsis_gcc.h ****     const uint32_t max = ((1U << sat) - 1U);
 737:Drivers/CMSIS/Include/cmsis_gcc.h ****     if (val > (int32_t)max)
 738:Drivers/CMSIS/Include/cmsis_gcc.h ****     {
 739:Drivers/CMSIS/Include/cmsis_gcc.h ****       return max;
 740:Drivers/CMSIS/Include/cmsis_gcc.h ****     }
 741:Drivers/CMSIS/Include/cmsis_gcc.h ****     else if (val < 0)
 742:Drivers/CMSIS/Include/cmsis_gcc.h ****     {
 743:Drivers/CMSIS/Include/cmsis_gcc.h ****       return 0U;
 744:Drivers/CMSIS/Include/cmsis_gcc.h ****     }
 745:Drivers/CMSIS/Include/cmsis_gcc.h ****   }
 746:Drivers/CMSIS/Include/cmsis_gcc.h ****   return (uint32_t)val;
 747:Drivers/CMSIS/Include/cmsis_gcc.h **** }
 748:Drivers/CMSIS/Include/cmsis_gcc.h **** 
 749:Drivers/CMSIS/Include/cmsis_gcc.h **** #endif /* ((defined (__ARM_ARCH_7M__      ) && (__ARM_ARCH_7M__      == 1)) || \
 750:Drivers/CMSIS/Include/cmsis_gcc.h ****            (defined (__ARM_ARCH_7EM__     ) && (__ARM_ARCH_7EM__     == 1)) || \
 751:Drivers/CMSIS/Include/cmsis_gcc.h ****            (defined (__ARM_ARCH_8M_MAIN__ ) && (__ARM_ARCH_8M_MAIN__ == 1))    ) */
 752:Drivers/CMSIS/Include/cmsis_gcc.h **** 
 753:Drivers/CMSIS/Include/cmsis_gcc.h **** 
 754:Drivers/CMSIS/Include/cmsis_gcc.h **** #if ((defined (__ARM_ARCH_8M_MAIN__ ) && (__ARM_ARCH_8M_MAIN__ == 1)) || \
 755:Drivers/CMSIS/Include/cmsis_gcc.h ****      (defined (__ARM_ARCH_8M_BASE__ ) && (__ARM_ARCH_8M_BASE__ == 1))    )
 756:Drivers/CMSIS/Include/cmsis_gcc.h **** /**
 757:Drivers/CMSIS/Include/cmsis_gcc.h ****   \brief   Load-Acquire (8 bit)
 758:Drivers/CMSIS/Include/cmsis_gcc.h ****   \details Executes a LDAB instruction for 8 bit value.
 759:Drivers/CMSIS/Include/cmsis_gcc.h ****   \param [in]    ptr  Pointer to data
 760:Drivers/CMSIS/Include/cmsis_gcc.h ****   \return             value of type uint8_t at (*ptr)
 761:Drivers/CMSIS/Include/cmsis_gcc.h ****  */
 762:Drivers/CMSIS/Include/cmsis_gcc.h **** __STATIC_FORCEINLINE uint8_t __LDAB(volatile uint8_t *ptr)
 763:Drivers/CMSIS/Include/cmsis_gcc.h **** {
 764:Drivers/CMSIS/Include/cmsis_gcc.h ****     uint32_t result;
 765:Drivers/CMSIS/Include/cmsis_gcc.h **** 
 766:Drivers/CMSIS/Include/cmsis_gcc.h ****    __ASM volatile ("ldab %0, %1" : "=r" (result) : "Q" (*ptr) : "memory" );
 767:Drivers/CMSIS/Include/cmsis_gcc.h ****    return ((uint8_t) result);
 768:Drivers/CMSIS/Include/cmsis_gcc.h **** }
 769:Drivers/CMSIS/Include/cmsis_gcc.h **** 
 770:Drivers/CMSIS/Include/cmsis_gcc.h **** 
 771:Drivers/CMSIS/Include/cmsis_gcc.h **** /**
 772:Drivers/CMSIS/Include/cmsis_gcc.h ****   \brief   Load-Acquire (16 bit)
 773:Drivers/CMSIS/Include/cmsis_gcc.h ****   \details Executes a LDAH instruction for 16 bit values.
 774:Drivers/CMSIS/Include/cmsis_gcc.h ****   \param [in]    ptr  Pointer to data
 775:Drivers/CMSIS/Include/cmsis_gcc.h ****   \return        value of type uint16_t at (*ptr)
 776:Drivers/CMSIS/Include/cmsis_gcc.h ****  */
 777:Drivers/CMSIS/Include/cmsis_gcc.h **** __STATIC_FORCEINLINE uint16_t __LDAH(volatile uint16_t *ptr)
 778:Drivers/CMSIS/Include/cmsis_gcc.h **** {
 779:Drivers/CMSIS/Include/cmsis_gcc.h ****     uint32_t result;
 780:Drivers/CMSIS/Include/cmsis_gcc.h **** 
 781:Drivers/CMSIS/Include/cmsis_gcc.h ****    __ASM volatile ("ldah %0, %1" : "=r" (result) : "Q" (*ptr) : "memory" );
 782:Drivers/CMSIS/Include/cmsis_gcc.h ****    return ((uint16_t) result);
 783:Drivers/CMSIS/Include/cmsis_gcc.h **** }
 784:Drivers/CMSIS/Include/cmsis_gcc.h **** 
 785:Drivers/CMSIS/Include/cmsis_gcc.h **** 
 786:Drivers/CMSIS/Include/cmsis_gcc.h **** /**
 787:Drivers/CMSIS/Include/cmsis_gcc.h ****   \brief   Load-Acquire (32 bit)
 788:Drivers/CMSIS/Include/cmsis_gcc.h ****   \details Executes a LDA instruction for 32 bit values.
 789:Drivers/CMSIS/Include/cmsis_gcc.h ****   \param [in]    ptr  Pointer to data
ARM GAS  /tmp/ccqcQeLt.s 			page 22


 790:Drivers/CMSIS/Include/cmsis_gcc.h ****   \return        value of type uint32_t at (*ptr)
 791:Drivers/CMSIS/Include/cmsis_gcc.h ****  */
 792:Drivers/CMSIS/Include/cmsis_gcc.h **** __STATIC_FORCEINLINE uint32_t __LDA(volatile uint32_t *ptr)
 793:Drivers/CMSIS/Include/cmsis_gcc.h **** {
 794:Drivers/CMSIS/Include/cmsis_gcc.h ****     uint32_t result;
 795:Drivers/CMSIS/Include/cmsis_gcc.h **** 
 796:Drivers/CMSIS/Include/cmsis_gcc.h ****    __ASM volatile ("lda %0, %1" : "=r" (result) : "Q" (*ptr) : "memory" );
 797:Drivers/CMSIS/Include/cmsis_gcc.h ****    return(result);
 798:Drivers/CMSIS/Include/cmsis_gcc.h **** }
 799:Drivers/CMSIS/Include/cmsis_gcc.h **** 
 800:Drivers/CMSIS/Include/cmsis_gcc.h **** 
 801:Drivers/CMSIS/Include/cmsis_gcc.h **** /**
 802:Drivers/CMSIS/Include/cmsis_gcc.h ****   \brief   Store-Release (8 bit)
 803:Drivers/CMSIS/Include/cmsis_gcc.h ****   \details Executes a STLB instruction for 8 bit values.
 804:Drivers/CMSIS/Include/cmsis_gcc.h ****   \param [in]  value  Value to store
 805:Drivers/CMSIS/Include/cmsis_gcc.h ****   \param [in]    ptr  Pointer to location
 806:Drivers/CMSIS/Include/cmsis_gcc.h ****  */
 807:Drivers/CMSIS/Include/cmsis_gcc.h **** __STATIC_FORCEINLINE void __STLB(uint8_t value, volatile uint8_t *ptr)
 808:Drivers/CMSIS/Include/cmsis_gcc.h **** {
 809:Drivers/CMSIS/Include/cmsis_gcc.h ****    __ASM volatile ("stlb %1, %0" : "=Q" (*ptr) : "r" ((uint32_t)value) : "memory" );
 810:Drivers/CMSIS/Include/cmsis_gcc.h **** }
 811:Drivers/CMSIS/Include/cmsis_gcc.h **** 
 812:Drivers/CMSIS/Include/cmsis_gcc.h **** 
 813:Drivers/CMSIS/Include/cmsis_gcc.h **** /**
 814:Drivers/CMSIS/Include/cmsis_gcc.h ****   \brief   Store-Release (16 bit)
 815:Drivers/CMSIS/Include/cmsis_gcc.h ****   \details Executes a STLH instruction for 16 bit values.
 816:Drivers/CMSIS/Include/cmsis_gcc.h ****   \param [in]  value  Value to store
 817:Drivers/CMSIS/Include/cmsis_gcc.h ****   \param [in]    ptr  Pointer to location
 818:Drivers/CMSIS/Include/cmsis_gcc.h ****  */
 819:Drivers/CMSIS/Include/cmsis_gcc.h **** __STATIC_FORCEINLINE void __STLH(uint16_t value, volatile uint16_t *ptr)
 820:Drivers/CMSIS/Include/cmsis_gcc.h **** {
 821:Drivers/CMSIS/Include/cmsis_gcc.h ****    __ASM volatile ("stlh %1, %0" : "=Q" (*ptr) : "r" ((uint32_t)value) : "memory" );
 822:Drivers/CMSIS/Include/cmsis_gcc.h **** }
 823:Drivers/CMSIS/Include/cmsis_gcc.h **** 
 824:Drivers/CMSIS/Include/cmsis_gcc.h **** 
 825:Drivers/CMSIS/Include/cmsis_gcc.h **** /**
 826:Drivers/CMSIS/Include/cmsis_gcc.h ****   \brief   Store-Release (32 bit)
 827:Drivers/CMSIS/Include/cmsis_gcc.h ****   \details Executes a STL instruction for 32 bit values.
 828:Drivers/CMSIS/Include/cmsis_gcc.h ****   \param [in]  value  Value to store
 829:Drivers/CMSIS/Include/cmsis_gcc.h ****   \param [in]    ptr  Pointer to location
 830:Drivers/CMSIS/Include/cmsis_gcc.h ****  */
 831:Drivers/CMSIS/Include/cmsis_gcc.h **** __STATIC_FORCEINLINE void __STL(uint32_t value, volatile uint32_t *ptr)
 832:Drivers/CMSIS/Include/cmsis_gcc.h **** {
 833:Drivers/CMSIS/Include/cmsis_gcc.h ****    __ASM volatile ("stl %1, %0" : "=Q" (*ptr) : "r" ((uint32_t)value) : "memory" );
 834:Drivers/CMSIS/Include/cmsis_gcc.h **** }
 835:Drivers/CMSIS/Include/cmsis_gcc.h **** 
 836:Drivers/CMSIS/Include/cmsis_gcc.h **** 
 837:Drivers/CMSIS/Include/cmsis_gcc.h **** /**
 838:Drivers/CMSIS/Include/cmsis_gcc.h ****   \brief   Load-Acquire Exclusive (8 bit)
 839:Drivers/CMSIS/Include/cmsis_gcc.h ****   \details Executes a LDAB exclusive instruction for 8 bit value.
 840:Drivers/CMSIS/Include/cmsis_gcc.h ****   \param [in]    ptr  Pointer to data
 841:Drivers/CMSIS/Include/cmsis_gcc.h ****   \return             value of type uint8_t at (*ptr)
 842:Drivers/CMSIS/Include/cmsis_gcc.h ****  */
 843:Drivers/CMSIS/Include/cmsis_gcc.h **** __STATIC_FORCEINLINE uint8_t __LDAEXB(volatile uint8_t *ptr)
 844:Drivers/CMSIS/Include/cmsis_gcc.h **** {
 845:Drivers/CMSIS/Include/cmsis_gcc.h ****     uint32_t result;
 846:Drivers/CMSIS/Include/cmsis_gcc.h **** 
ARM GAS  /tmp/ccqcQeLt.s 			page 23


 847:Drivers/CMSIS/Include/cmsis_gcc.h ****    __ASM volatile ("ldaexb %0, %1" : "=r" (result) : "Q" (*ptr) : "memory" );
 848:Drivers/CMSIS/Include/cmsis_gcc.h ****    return ((uint8_t) result);
 849:Drivers/CMSIS/Include/cmsis_gcc.h **** }
 850:Drivers/CMSIS/Include/cmsis_gcc.h **** 
 851:Drivers/CMSIS/Include/cmsis_gcc.h **** 
 852:Drivers/CMSIS/Include/cmsis_gcc.h **** /**
 853:Drivers/CMSIS/Include/cmsis_gcc.h ****   \brief   Load-Acquire Exclusive (16 bit)
 854:Drivers/CMSIS/Include/cmsis_gcc.h ****   \details Executes a LDAH exclusive instruction for 16 bit values.
 855:Drivers/CMSIS/Include/cmsis_gcc.h ****   \param [in]    ptr  Pointer to data
 856:Drivers/CMSIS/Include/cmsis_gcc.h ****   \return        value of type uint16_t at (*ptr)
 857:Drivers/CMSIS/Include/cmsis_gcc.h ****  */
 858:Drivers/CMSIS/Include/cmsis_gcc.h **** __STATIC_FORCEINLINE uint16_t __LDAEXH(volatile uint16_t *ptr)
 859:Drivers/CMSIS/Include/cmsis_gcc.h **** {
 860:Drivers/CMSIS/Include/cmsis_gcc.h ****     uint32_t result;
 861:Drivers/CMSIS/Include/cmsis_gcc.h **** 
 862:Drivers/CMSIS/Include/cmsis_gcc.h ****    __ASM volatile ("ldaexh %0, %1" : "=r" (result) : "Q" (*ptr) : "memory" );
 863:Drivers/CMSIS/Include/cmsis_gcc.h ****    return ((uint16_t) result);
 864:Drivers/CMSIS/Include/cmsis_gcc.h **** }
 865:Drivers/CMSIS/Include/cmsis_gcc.h **** 
 866:Drivers/CMSIS/Include/cmsis_gcc.h **** 
 867:Drivers/CMSIS/Include/cmsis_gcc.h **** /**
 868:Drivers/CMSIS/Include/cmsis_gcc.h ****   \brief   Load-Acquire Exclusive (32 bit)
 869:Drivers/CMSIS/Include/cmsis_gcc.h ****   \details Executes a LDA exclusive instruction for 32 bit values.
 870:Drivers/CMSIS/Include/cmsis_gcc.h ****   \param [in]    ptr  Pointer to data
 871:Drivers/CMSIS/Include/cmsis_gcc.h ****   \return        value of type uint32_t at (*ptr)
 872:Drivers/CMSIS/Include/cmsis_gcc.h ****  */
 873:Drivers/CMSIS/Include/cmsis_gcc.h **** __STATIC_FORCEINLINE uint32_t __LDAEX(volatile uint32_t *ptr)
 874:Drivers/CMSIS/Include/cmsis_gcc.h **** {
 875:Drivers/CMSIS/Include/cmsis_gcc.h ****     uint32_t result;
 876:Drivers/CMSIS/Include/cmsis_gcc.h **** 
 877:Drivers/CMSIS/Include/cmsis_gcc.h ****    __ASM volatile ("ldaex %0, %1" : "=r" (result) : "Q" (*ptr) : "memory" );
 878:Drivers/CMSIS/Include/cmsis_gcc.h ****    return(result);
 879:Drivers/CMSIS/Include/cmsis_gcc.h **** }
 880:Drivers/CMSIS/Include/cmsis_gcc.h **** 
 881:Drivers/CMSIS/Include/cmsis_gcc.h **** 
 882:Drivers/CMSIS/Include/cmsis_gcc.h **** /**
 883:Drivers/CMSIS/Include/cmsis_gcc.h ****   \brief   Store-Release Exclusive (8 bit)
 884:Drivers/CMSIS/Include/cmsis_gcc.h ****   \details Executes a STLB exclusive instruction for 8 bit values.
 885:Drivers/CMSIS/Include/cmsis_gcc.h ****   \param [in]  value  Value to store
 886:Drivers/CMSIS/Include/cmsis_gcc.h ****   \param [in]    ptr  Pointer to location
 887:Drivers/CMSIS/Include/cmsis_gcc.h ****   \return          0  Function succeeded
 888:Drivers/CMSIS/Include/cmsis_gcc.h ****   \return          1  Function failed
 889:Drivers/CMSIS/Include/cmsis_gcc.h ****  */
 890:Drivers/CMSIS/Include/cmsis_gcc.h **** __STATIC_FORCEINLINE uint32_t __STLEXB(uint8_t value, volatile uint8_t *ptr)
 891:Drivers/CMSIS/Include/cmsis_gcc.h **** {
 892:Drivers/CMSIS/Include/cmsis_gcc.h ****    uint32_t result;
 893:Drivers/CMSIS/Include/cmsis_gcc.h **** 
 894:Drivers/CMSIS/Include/cmsis_gcc.h ****    __ASM volatile ("stlexb %0, %2, %1" : "=&r" (result), "=Q" (*ptr) : "r" ((uint32_t)value) : "mem
 895:Drivers/CMSIS/Include/cmsis_gcc.h ****    return(result);
 896:Drivers/CMSIS/Include/cmsis_gcc.h **** }
 897:Drivers/CMSIS/Include/cmsis_gcc.h **** 
 898:Drivers/CMSIS/Include/cmsis_gcc.h **** 
 899:Drivers/CMSIS/Include/cmsis_gcc.h **** /**
 900:Drivers/CMSIS/Include/cmsis_gcc.h ****   \brief   Store-Release Exclusive (16 bit)
 901:Drivers/CMSIS/Include/cmsis_gcc.h ****   \details Executes a STLH exclusive instruction for 16 bit values.
 902:Drivers/CMSIS/Include/cmsis_gcc.h ****   \param [in]  value  Value to store
 903:Drivers/CMSIS/Include/cmsis_gcc.h ****   \param [in]    ptr  Pointer to location
ARM GAS  /tmp/ccqcQeLt.s 			page 24


 904:Drivers/CMSIS/Include/cmsis_gcc.h ****   \return          0  Function succeeded
 905:Drivers/CMSIS/Include/cmsis_gcc.h ****   \return          1  Function failed
 906:Drivers/CMSIS/Include/cmsis_gcc.h ****  */
 907:Drivers/CMSIS/Include/cmsis_gcc.h **** __STATIC_FORCEINLINE uint32_t __STLEXH(uint16_t value, volatile uint16_t *ptr)
 908:Drivers/CMSIS/Include/cmsis_gcc.h **** {
 909:Drivers/CMSIS/Include/cmsis_gcc.h ****    uint32_t result;
 910:Drivers/CMSIS/Include/cmsis_gcc.h **** 
 911:Drivers/CMSIS/Include/cmsis_gcc.h ****    __ASM volatile ("stlexh %0, %2, %1" : "=&r" (result), "=Q" (*ptr) : "r" ((uint32_t)value) : "mem
 912:Drivers/CMSIS/Include/cmsis_gcc.h ****    return(result);
 913:Drivers/CMSIS/Include/cmsis_gcc.h **** }
 914:Drivers/CMSIS/Include/cmsis_gcc.h **** 
 915:Drivers/CMSIS/Include/cmsis_gcc.h **** 
 916:Drivers/CMSIS/Include/cmsis_gcc.h **** /**
 917:Drivers/CMSIS/Include/cmsis_gcc.h ****   \brief   Store-Release Exclusive (32 bit)
 918:Drivers/CMSIS/Include/cmsis_gcc.h ****   \details Executes a STL exclusive instruction for 32 bit values.
 919:Drivers/CMSIS/Include/cmsis_gcc.h ****   \param [in]  value  Value to store
 920:Drivers/CMSIS/Include/cmsis_gcc.h ****   \param [in]    ptr  Pointer to location
 921:Drivers/CMSIS/Include/cmsis_gcc.h ****   \return          0  Function succeeded
 922:Drivers/CMSIS/Include/cmsis_gcc.h ****   \return          1  Function failed
 923:Drivers/CMSIS/Include/cmsis_gcc.h ****  */
 924:Drivers/CMSIS/Include/cmsis_gcc.h **** __STATIC_FORCEINLINE uint32_t __STLEX(uint32_t value, volatile uint32_t *ptr)
 925:Drivers/CMSIS/Include/cmsis_gcc.h **** {
 926:Drivers/CMSIS/Include/cmsis_gcc.h ****    uint32_t result;
 927:Drivers/CMSIS/Include/cmsis_gcc.h **** 
 928:Drivers/CMSIS/Include/cmsis_gcc.h ****    __ASM volatile ("stlex %0, %2, %1" : "=&r" (result), "=Q" (*ptr) : "r" ((uint32_t)value) : "memo
 929:Drivers/CMSIS/Include/cmsis_gcc.h ****    return(result);
 930:Drivers/CMSIS/Include/cmsis_gcc.h **** }
 931:Drivers/CMSIS/Include/cmsis_gcc.h **** 
 932:Drivers/CMSIS/Include/cmsis_gcc.h **** #endif /* ((defined (__ARM_ARCH_8M_MAIN__ ) && (__ARM_ARCH_8M_MAIN__ == 1)) || \
 933:Drivers/CMSIS/Include/cmsis_gcc.h ****            (defined (__ARM_ARCH_8M_BASE__ ) && (__ARM_ARCH_8M_BASE__ == 1))    ) */
 934:Drivers/CMSIS/Include/cmsis_gcc.h **** 
 935:Drivers/CMSIS/Include/cmsis_gcc.h **** /*@}*/ /* end of group CMSIS_Core_InstructionInterface */
 936:Drivers/CMSIS/Include/cmsis_gcc.h **** 
 937:Drivers/CMSIS/Include/cmsis_gcc.h **** 
 938:Drivers/CMSIS/Include/cmsis_gcc.h **** /* ###########################  Core Function Access  ########################### */
 939:Drivers/CMSIS/Include/cmsis_gcc.h **** /** \ingroup  CMSIS_Core_FunctionInterface
 940:Drivers/CMSIS/Include/cmsis_gcc.h ****     \defgroup CMSIS_Core_RegAccFunctions CMSIS Core Register Access Functions
 941:Drivers/CMSIS/Include/cmsis_gcc.h ****   @{
 942:Drivers/CMSIS/Include/cmsis_gcc.h ****  */
 943:Drivers/CMSIS/Include/cmsis_gcc.h **** 
 944:Drivers/CMSIS/Include/cmsis_gcc.h **** /**
 945:Drivers/CMSIS/Include/cmsis_gcc.h ****   \brief   Enable IRQ Interrupts
 946:Drivers/CMSIS/Include/cmsis_gcc.h ****   \details Enables IRQ interrupts by clearing special-purpose register PRIMASK.
 947:Drivers/CMSIS/Include/cmsis_gcc.h ****            Can only be executed in Privileged modes.
 948:Drivers/CMSIS/Include/cmsis_gcc.h ****  */
 949:Drivers/CMSIS/Include/cmsis_gcc.h **** __STATIC_FORCEINLINE void __enable_irq(void)
 950:Drivers/CMSIS/Include/cmsis_gcc.h **** {
 951:Drivers/CMSIS/Include/cmsis_gcc.h ****   __ASM volatile ("cpsie i" : : : "memory");
 952:Drivers/CMSIS/Include/cmsis_gcc.h **** }
 953:Drivers/CMSIS/Include/cmsis_gcc.h **** 
 954:Drivers/CMSIS/Include/cmsis_gcc.h **** 
 955:Drivers/CMSIS/Include/cmsis_gcc.h **** /**
 956:Drivers/CMSIS/Include/cmsis_gcc.h ****   \brief   Disable IRQ Interrupts
 957:Drivers/CMSIS/Include/cmsis_gcc.h ****   \details Disables IRQ interrupts by setting special-purpose register PRIMASK.
 958:Drivers/CMSIS/Include/cmsis_gcc.h ****            Can only be executed in Privileged modes.
 959:Drivers/CMSIS/Include/cmsis_gcc.h ****  */
 960:Drivers/CMSIS/Include/cmsis_gcc.h **** __STATIC_FORCEINLINE void __disable_irq(void)
ARM GAS  /tmp/ccqcQeLt.s 			page 25


  92              		.loc 2 960 27 view .LVU11
  93              	.LBB5:
 961:Drivers/CMSIS/Include/cmsis_gcc.h **** {
 962:Drivers/CMSIS/Include/cmsis_gcc.h ****   __ASM volatile ("cpsid i" : : : "memory");
  94              		.loc 2 962 3 view .LVU12
  95              		.syntax unified
  96              	@ 962 "Drivers/CMSIS/Include/cmsis_gcc.h" 1
  97 0000 72B6     		cpsid i
  98              	@ 0 "" 2
  99              		.thumb
 100              		.syntax unified
 101              	.L6:
 102              	.LBE5:
 103              	.LBE4:
 321:Core/Src/main.c ****   while (1)
 104              		.loc 1 321 3 view .LVU13
 322:Core/Src/main.c ****   {
 323:Core/Src/main.c ****   }
 105              		.loc 1 323 3 view .LVU14
 321:Core/Src/main.c ****   while (1)
 106              		.loc 1 321 9 view .LVU15
 107 0002 FEE7     		b	.L6
 108              		.cfi_endproc
 109              	.LFE140:
 111              		.section	.text.SystemClock_Config,"ax",%progbits
 112              		.align	1
 113              		.global	SystemClock_Config
 114              		.syntax unified
 115              		.thumb
 116              		.thumb_func
 118              	SystemClock_Config:
 119              	.LFB139:
 271:Core/Src/main.c ****   RCC_OscInitTypeDef RCC_OscInitStruct = {0};
 120              		.loc 1 271 1 view -0
 121              		.cfi_startproc
 122              		@ args = 0, pretend = 0, frame = 80
 123              		@ frame_needed = 0, uses_anonymous_args = 0
 124 0000 00B5     		push	{lr}
 125              	.LCFI3:
 126              		.cfi_def_cfa_offset 4
 127              		.cfi_offset 14, -4
 128 0002 95B0     		sub	sp, sp, #84
 129              	.LCFI4:
 130              		.cfi_def_cfa_offset 88
 272:Core/Src/main.c ****   RCC_ClkInitTypeDef RCC_ClkInitStruct = {0};
 131              		.loc 1 272 3 view .LVU17
 272:Core/Src/main.c ****   RCC_ClkInitTypeDef RCC_ClkInitStruct = {0};
 132              		.loc 1 272 22 is_stmt 0 view .LVU18
 133 0004 3022     		movs	r2, #48
 134 0006 0021     		movs	r1, #0
 135 0008 08A8     		add	r0, sp, #32
 136 000a FFF7FEFF 		bl	memset
 137              	.LVL4:
 273:Core/Src/main.c **** 
 138              		.loc 1 273 3 is_stmt 1 view .LVU19
 273:Core/Src/main.c **** 
 139              		.loc 1 273 22 is_stmt 0 view .LVU20
ARM GAS  /tmp/ccqcQeLt.s 			page 26


 140 000e 0023     		movs	r3, #0
 141 0010 0393     		str	r3, [sp, #12]
 142 0012 0493     		str	r3, [sp, #16]
 143 0014 0593     		str	r3, [sp, #20]
 144 0016 0693     		str	r3, [sp, #24]
 145 0018 0793     		str	r3, [sp, #28]
 277:Core/Src/main.c ****   __HAL_PWR_VOLTAGESCALING_CONFIG(PWR_REGULATOR_VOLTAGE_SCALE2);
 146              		.loc 1 277 3 is_stmt 1 view .LVU21
 147              	.LBB6:
 277:Core/Src/main.c ****   __HAL_PWR_VOLTAGESCALING_CONFIG(PWR_REGULATOR_VOLTAGE_SCALE2);
 148              		.loc 1 277 3 view .LVU22
 149 001a 0193     		str	r3, [sp, #4]
 277:Core/Src/main.c ****   __HAL_PWR_VOLTAGESCALING_CONFIG(PWR_REGULATOR_VOLTAGE_SCALE2);
 150              		.loc 1 277 3 view .LVU23
 151 001c 194A     		ldr	r2, .L13
 152 001e 116C     		ldr	r1, [r2, #64]
 153 0020 41F08051 		orr	r1, r1, #268435456
 154 0024 1164     		str	r1, [r2, #64]
 277:Core/Src/main.c ****   __HAL_PWR_VOLTAGESCALING_CONFIG(PWR_REGULATOR_VOLTAGE_SCALE2);
 155              		.loc 1 277 3 view .LVU24
 156 0026 126C     		ldr	r2, [r2, #64]
 157 0028 02F08052 		and	r2, r2, #268435456
 158 002c 0192     		str	r2, [sp, #4]
 277:Core/Src/main.c ****   __HAL_PWR_VOLTAGESCALING_CONFIG(PWR_REGULATOR_VOLTAGE_SCALE2);
 159              		.loc 1 277 3 view .LVU25
 160 002e 019A     		ldr	r2, [sp, #4]
 161              	.LBE6:
 277:Core/Src/main.c ****   __HAL_PWR_VOLTAGESCALING_CONFIG(PWR_REGULATOR_VOLTAGE_SCALE2);
 162              		.loc 1 277 3 view .LVU26
 278:Core/Src/main.c **** 
 163              		.loc 1 278 3 view .LVU27
 164              	.LBB7:
 278:Core/Src/main.c **** 
 165              		.loc 1 278 3 view .LVU28
 166 0030 0293     		str	r3, [sp, #8]
 278:Core/Src/main.c **** 
 167              		.loc 1 278 3 view .LVU29
 168 0032 1549     		ldr	r1, .L13+4
 169 0034 0A68     		ldr	r2, [r1]
 170 0036 22F44042 		bic	r2, r2, #49152
 171 003a 42F40042 		orr	r2, r2, #32768
 172 003e 0A60     		str	r2, [r1]
 278:Core/Src/main.c **** 
 173              		.loc 1 278 3 view .LVU30
 174 0040 0A68     		ldr	r2, [r1]
 175 0042 02F44042 		and	r2, r2, #49152
 176 0046 0292     		str	r2, [sp, #8]
 278:Core/Src/main.c **** 
 177              		.loc 1 278 3 view .LVU31
 178 0048 029A     		ldr	r2, [sp, #8]
 179              	.LBE7:
 278:Core/Src/main.c **** 
 180              		.loc 1 278 3 view .LVU32
 283:Core/Src/main.c ****   RCC_OscInitStruct.HSIState = RCC_HSI_ON;
 181              		.loc 1 283 3 view .LVU33
 283:Core/Src/main.c ****   RCC_OscInitStruct.HSIState = RCC_HSI_ON;
 182              		.loc 1 283 36 is_stmt 0 view .LVU34
ARM GAS  /tmp/ccqcQeLt.s 			page 27


 183 004a 0222     		movs	r2, #2
 184 004c 0892     		str	r2, [sp, #32]
 284:Core/Src/main.c ****   RCC_OscInitStruct.HSICalibrationValue = RCC_HSICALIBRATION_DEFAULT;
 185              		.loc 1 284 3 is_stmt 1 view .LVU35
 284:Core/Src/main.c ****   RCC_OscInitStruct.HSICalibrationValue = RCC_HSICALIBRATION_DEFAULT;
 186              		.loc 1 284 30 is_stmt 0 view .LVU36
 187 004e 0122     		movs	r2, #1
 188 0050 0B92     		str	r2, [sp, #44]
 285:Core/Src/main.c ****   RCC_OscInitStruct.PLL.PLLState = RCC_PLL_NONE;
 189              		.loc 1 285 3 is_stmt 1 view .LVU37
 285:Core/Src/main.c ****   RCC_OscInitStruct.PLL.PLLState = RCC_PLL_NONE;
 190              		.loc 1 285 41 is_stmt 0 view .LVU38
 191 0052 1022     		movs	r2, #16
 192 0054 0C92     		str	r2, [sp, #48]
 286:Core/Src/main.c ****   if (HAL_RCC_OscConfig(&RCC_OscInitStruct) != HAL_OK)
 193              		.loc 1 286 3 is_stmt 1 view .LVU39
 286:Core/Src/main.c ****   if (HAL_RCC_OscConfig(&RCC_OscInitStruct) != HAL_OK)
 194              		.loc 1 286 34 is_stmt 0 view .LVU40
 195 0056 0E93     		str	r3, [sp, #56]
 287:Core/Src/main.c ****   {
 196              		.loc 1 287 3 is_stmt 1 view .LVU41
 287:Core/Src/main.c ****   {
 197              		.loc 1 287 7 is_stmt 0 view .LVU42
 198 0058 08A8     		add	r0, sp, #32
 199 005a FFF7FEFF 		bl	HAL_RCC_OscConfig
 200              	.LVL5:
 287:Core/Src/main.c ****   {
 201              		.loc 1 287 6 discriminator 1 view .LVU43
 202 005e 68B9     		cbnz	r0, .L11
 294:Core/Src/main.c ****                               |RCC_CLOCKTYPE_PCLK1|RCC_CLOCKTYPE_PCLK2;
 203              		.loc 1 294 3 is_stmt 1 view .LVU44
 294:Core/Src/main.c ****                               |RCC_CLOCKTYPE_PCLK1|RCC_CLOCKTYPE_PCLK2;
 204              		.loc 1 294 31 is_stmt 0 view .LVU45
 205 0060 0F23     		movs	r3, #15
 206 0062 0393     		str	r3, [sp, #12]
 296:Core/Src/main.c ****   RCC_ClkInitStruct.AHBCLKDivider = RCC_SYSCLK_DIV1;
 207              		.loc 1 296 3 is_stmt 1 view .LVU46
 296:Core/Src/main.c ****   RCC_ClkInitStruct.AHBCLKDivider = RCC_SYSCLK_DIV1;
 208              		.loc 1 296 34 is_stmt 0 view .LVU47
 209 0064 0021     		movs	r1, #0
 210 0066 0491     		str	r1, [sp, #16]
 297:Core/Src/main.c ****   RCC_ClkInitStruct.APB1CLKDivider = RCC_HCLK_DIV1;
 211              		.loc 1 297 3 is_stmt 1 view .LVU48
 297:Core/Src/main.c ****   RCC_ClkInitStruct.APB1CLKDivider = RCC_HCLK_DIV1;
 212              		.loc 1 297 35 is_stmt 0 view .LVU49
 213 0068 0591     		str	r1, [sp, #20]
 298:Core/Src/main.c ****   RCC_ClkInitStruct.APB2CLKDivider = RCC_HCLK_DIV1;
 214              		.loc 1 298 3 is_stmt 1 view .LVU50
 298:Core/Src/main.c ****   RCC_ClkInitStruct.APB2CLKDivider = RCC_HCLK_DIV1;
 215              		.loc 1 298 36 is_stmt 0 view .LVU51
 216 006a 0691     		str	r1, [sp, #24]
 299:Core/Src/main.c **** 
 217              		.loc 1 299 3 is_stmt 1 view .LVU52
 299:Core/Src/main.c **** 
 218              		.loc 1 299 36 is_stmt 0 view .LVU53
 219 006c 0791     		str	r1, [sp, #28]
 301:Core/Src/main.c ****   {
ARM GAS  /tmp/ccqcQeLt.s 			page 28


 220              		.loc 1 301 3 is_stmt 1 view .LVU54
 301:Core/Src/main.c ****   {
 221              		.loc 1 301 7 is_stmt 0 view .LVU55
 222 006e 03A8     		add	r0, sp, #12
 223 0070 FFF7FEFF 		bl	HAL_RCC_ClockConfig
 224              	.LVL6:
 301:Core/Src/main.c ****   {
 225              		.loc 1 301 6 discriminator 1 view .LVU56
 226 0074 20B9     		cbnz	r0, .L12
 305:Core/Src/main.c **** 
 227              		.loc 1 305 1 view .LVU57
 228 0076 15B0     		add	sp, sp, #84
 229              	.LCFI5:
 230              		.cfi_remember_state
 231              		.cfi_def_cfa_offset 4
 232              		@ sp needed
 233 0078 5DF804FB 		ldr	pc, [sp], #4
 234              	.L11:
 235              	.LCFI6:
 236              		.cfi_restore_state
 289:Core/Src/main.c ****   }
 237              		.loc 1 289 5 is_stmt 1 view .LVU58
 238 007c FFF7FEFF 		bl	Error_Handler
 239              	.LVL7:
 240              	.L12:
 303:Core/Src/main.c ****   }
 241              		.loc 1 303 5 view .LVU59
 242 0080 FFF7FEFF 		bl	Error_Handler
 243              	.LVL8:
 244              	.L14:
 245              		.align	2
 246              	.L13:
 247 0084 00380240 		.word	1073887232
 248 0088 00700040 		.word	1073770496
 249              		.cfi_endproc
 250              	.LFE139:
 252              		.section	.rodata.main.str1.4,"aMS",%progbits,1
 253              		.align	2
 254              	.LC0:
 255 0000 50433133 		.ascii	"PC13=%lu\012\015\000"
 255      3D256C75 
 255      0A0D00
 256 000b 00       		.align	2
 257              	.LC1:
 258 000c 41637469 		.ascii	"Active Slot: %d\012\015\000"
 258      76652053 
 258      6C6F743A 
 258      2025640A 
 258      0D00
 259 001e 0000     		.align	2
 260              	.LC2:
 261 0020 4A756D70 		.ascii	"Jumping to active image... Address: 0x%08lx\015\012"
 261      696E6720 
 261      746F2061 
 261      63746976 
 261      6520696D 
 262 004d 00       		.ascii	"\000"
ARM GAS  /tmp/ccqcQeLt.s 			page 29


 263 004e 0000     		.align	2
 264              	.LC3:
 265 0050 4E6F2076 		.ascii	"No valid image. Staying in bootloader... Address: 0"
 265      616C6964 
 265      20696D61 
 265      67652E20 
 265      53746179 
 266 0083 78253038 		.ascii	"x%08lx\015\012\000"
 266      6C780D0A 
 266      00
 267              		.align	2
 268              	.LC4:
 269 008c 53746179 		.ascii	"Staying in bootloader.\015\000"
 269      696E6720 
 269      696E2062 
 269      6F6F746C 
 269      6F616465 
 270              		.align	2
 271              	.LC5:
 272 00a4 57726974 		.ascii	"Writing to SLOT_B\012\015\000"
 272      696E6720 
 272      746F2053 
 272      4C4F545F 
 272      420A0D00 
 273              		.align	2
 274              	.LC6:
 275 00b8 57726974 		.ascii	"Writing to SLOT_A\012\015\000"
 275      696E6720 
 275      746F2053 
 275      4C4F545F 
 275      410A0D00 
 276              		.align	2
 277              	.LC7:
 278 00cc 4552524F 		.ascii	"ERROR HAS OCCURED! BCB IS NOT 1 OR 0\000"
 278      52204841 
 278      53204F43 
 278      43555245 
 278      44212042 
 279 00f1 000000   		.align	2
 280              	.LC8:
 281 00f4 64726169 		.ascii	"drained stray byte: %02X\015\012\000"
 281      6E656420 
 281      73747261 
 281      79206279 
 281      74653A20 
 282 010f 00       		.align	2
 283              	.LC9:
 284 0110 5241573A 		.ascii	"RAW: len=%u last=%u b0=%02X b1=%02X b2=%02X b3=%02X"
 284      206C656E 
 284      3D257520 
 284      6C617374 
 284      3D257520 
 285 0143 0D0A00   		.ascii	"\015\012\000"
 286 0146 0000     		.align	2
 287              	.LC10:
 288 0148 6C656E3D 		.ascii	"len=%d last_chunk=%d first_word=%08X last_word=%08X"
 288      2564206C 
ARM GAS  /tmp/ccqcQeLt.s 			page 30


 288      6173745F 
 288      6368756E 
 288      6B3D2564 
 289 017b 20616E64 		.ascii	" and last byte=%02x\015\012\000"
 289      206C6173 
 289      74206279 
 289      74653D25 
 289      3032780D 
 290 0191 000000   		.align	2
 291              	.LC11:
 292 0194 6C656E3D 		.ascii	"len=%d last_chunk=%d first_byte=%02X last_byte=%02X"
 292      2564206C 
 292      6173745F 
 292      6368756E 
 292      6B3D2564 
 293 01c7 0D0A00   		.ascii	"\015\012\000"
 294 01ca 0000     		.align	2
 295              	.LC12:
 296 01cc 73756363 		.ascii	"success ...\012\015\000"
 296      65737320 
 296      2E2E2E0A 
 296      0D00
 297 01da 0000     		.align	2
 298              	.LC13:
 299 01dc 61646472 		.ascii	"address = 0x%08lX\015\012\000"
 299      65737320 
 299      3D203078 
 299      2530386C 
 299      580D0A00 
 300              		.align	2
 301              	.LC14:
 302 01f0 41434B20 		.ascii	"ACK TX status: %d\015\012\000"
 302      54582073 
 302      74617475 
 302      733A2025 
 302      640D0A00 
 303              		.align	2
 304              	.LC15:
 305 0204 4C617374 		.ascii	"Last chunk, breaking.\000"
 305      20636875 
 305      6E6B2C20 
 305      62726561 
 305      6B696E67 
 306 021a 0000     		.align	2
 307              	.LC16:
 308 021c 61667465 		.ascii	"after if current slot: %d\012\015\000"
 308      72206966 
 308      20637572 
 308      72656E74 
 308      20736C6F 
 309              		.align	2
 310              	.LC17:
 311 0238 55706461 		.ascii	"Update finished! Hold Button during Reset for the n"
 311      74652066 
 311      696E6973 
 311      68656421 
 311      20486F6C 
ARM GAS  /tmp/ccqcQeLt.s 			page 31


 312 026b 65772069 		.ascii	"ew image!\000"
 312      6D616765 
 312      2100
 313              		.section	.text.main,"ax",%progbits
 314              		.align	1
 315              		.global	main
 316              		.syntax unified
 317              		.thumb
 318              		.thumb_func
 320              	main:
 321              	.LFB138:
  86:Core/Src/main.c **** 
 322              		.loc 1 86 1 view -0
 323              		.cfi_startproc
 324              		@ args = 0, pretend = 0, frame = 1040
 325              		@ frame_needed = 0, uses_anonymous_args = 0
 326 0000 30B5     		push	{r4, r5, lr}
 327              	.LCFI7:
 328              		.cfi_def_cfa_offset 12
 329              		.cfi_offset 4, -12
 330              		.cfi_offset 5, -8
 331              		.cfi_offset 14, -4
 332 0002 ADF2244D 		subw	sp, sp, #1060
 333              	.LCFI8:
 334              		.cfi_def_cfa_offset 1072
  95:Core/Src/main.c **** 
 335              		.loc 1 95 3 view .LVU61
 336 0006 FFF7FEFF 		bl	HAL_Init
 337              	.LVL9:
 102:Core/Src/main.c **** 
 338              		.loc 1 102 3 view .LVU62
 339 000a FFF7FEFF 		bl	SystemClock_Config
 340              	.LVL10:
 109:Core/Src/main.c ****   MX_USART2_UART_Init();
 341              		.loc 1 109 3 view .LVU63
 342 000e FFF7FEFF 		bl	MX_GPIO_Init
 343              	.LVL11:
 110:Core/Src/main.c ****   MX_CRC_Init();
 344              		.loc 1 110 3 view .LVU64
 345 0012 FFF7FEFF 		bl	MX_USART2_UART_Init
 346              	.LVL12:
 111:Core/Src/main.c ****   MX_SPI1_Init();
 347              		.loc 1 111 3 view .LVU65
 348 0016 FFF7FEFF 		bl	MX_CRC_Init
 349              	.LVL13:
 112:Core/Src/main.c ****   MX_USART1_UART_Init();
 350              		.loc 1 112 3 view .LVU66
 351 001a FFF7FEFF 		bl	MX_SPI1_Init
 352              	.LVL14:
 113:Core/Src/main.c ****   /* USER CODE BEGIN 2 */
 353              		.loc 1 113 3 view .LVU67
 354 001e FFF7FEFF 		bl	MX_USART1_UART_Init
 355              	.LVL15:
 116:Core/Src/main.c **** 
 356              		.loc 1 116 3 view .LVU68
 357 0022 0122     		movs	r2, #1
 358 0024 1146     		mov	r1, r2
ARM GAS  /tmp/ccqcQeLt.s 			page 32


 359 0026 8B48     		ldr	r0, .L39
 360 0028 FFF7FEFF 		bl	HAL_GPIO_WritePin
 361              	.LVL16:
 118:Core/Src/main.c **** 
 362              		.loc 1 118 3 view .LVU69
 363 002c FFF7FEFF 		bl	ST7789_Init
 364              	.LVL17:
 120:Core/Src/main.c **** 
 365              		.loc 1 120 3 view .LVU70
 120:Core/Src/main.c **** 
 366              		.loc 1 120 11 is_stmt 0 view .LVU71
 367 0030 894B     		ldr	r3, .L39+4
 368 0032 1868     		ldr	r0, [r3]
 120:Core/Src/main.c **** 
 369              		.loc 1 120 3 view .LVU72
 370 0034 0023     		movs	r3, #0
 371 0036 0222     		movs	r2, #2
 372 0038 1946     		mov	r1, r3
 373 003a 8068     		ldr	r0, [r0, #8]
 374 003c FFF7FEFF 		bl	setvbuf
 375              	.LVL18:
 123:Core/Src/main.c **** 
 376              		.loc 1 123 3 is_stmt 1 view .LVU73
 123:Core/Src/main.c **** 
 377              		.loc 1 123 14 is_stmt 0 view .LVU74
 378 0040 40F20322 		movw	r2, #515
 379 0044 0021     		movs	r1, #0
 380 0046 87A8     		add	r0, sp, #540
 381 0048 FFF7FEFF 		bl	memset
 382              	.LVL19:
 126:Core/Src/main.c ****   uint32_t btn = HAL_GPIO_ReadPin(GPIOC, GPIO_PIN_13);
 383              		.loc 1 126 3 is_stmt 1 view .LVU75
 384 004c 0A20     		movs	r0, #10
 385 004e FFF7FEFF 		bl	HAL_Delay
 386              	.LVL20:
 127:Core/Src/main.c ****   printf("PC13=%lu\n\r", btn);
 387              		.loc 1 127 3 view .LVU76
 127:Core/Src/main.c ****   printf("PC13=%lu\n\r", btn);
 388              		.loc 1 127 18 is_stmt 0 view .LVU77
 389 0052 4FF40051 		mov	r1, #8192
 390 0056 8148     		ldr	r0, .L39+8
 391 0058 FFF7FEFF 		bl	HAL_GPIO_ReadPin
 392              	.LVL21:
 393 005c 0446     		mov	r4, r0
 394              	.LVL22:
 128:Core/Src/main.c **** 
 395              		.loc 1 128 3 is_stmt 1 view .LVU78
 396 005e 0146     		mov	r1, r0
 397 0060 7F48     		ldr	r0, .L39+12
 398              	.LVL23:
 128:Core/Src/main.c **** 
 399              		.loc 1 128 3 is_stmt 0 view .LVU79
 400 0062 FFF7FEFF 		bl	printf
 401              	.LVL24:
 131:Core/Src/main.c ****   printf("Active Slot: %d\n\r", bcb->active_slot);
 402              		.loc 1 131 3 is_stmt 1 view .LVU80
 132:Core/Src/main.c ****   uint32_t active_addr = (bcb->active_slot) ? SLOT_A_SEC : SLOT_B_SEC;
ARM GAS  /tmp/ccqcQeLt.s 			page 33


 403              		.loc 1 132 3 view .LVU81
 132:Core/Src/main.c ****   uint32_t active_addr = (bcb->active_slot) ? SLOT_A_SEC : SLOT_B_SEC;
 404              		.loc 1 132 36 is_stmt 0 view .LVU82
 405 0066 7F4D     		ldr	r5, .L39+16
 132:Core/Src/main.c ****   uint32_t active_addr = (bcb->active_slot) ? SLOT_A_SEC : SLOT_B_SEC;
 406              		.loc 1 132 3 view .LVU83
 407 0068 2978     		ldrb	r1, [r5]	@ zero_extendqisi2
 408 006a 7F48     		ldr	r0, .L39+20
 409 006c FFF7FEFF 		bl	printf
 410              	.LVL25:
 133:Core/Src/main.c ****   uint8_t update_complete = 0;
 411              		.loc 1 133 3 is_stmt 1 view .LVU84
 133:Core/Src/main.c ****   uint8_t update_complete = 0;
 412              		.loc 1 133 30 is_stmt 0 view .LVU85
 413 0070 2B78     		ldrb	r3, [r5]	@ zero_extendqisi2
 133:Core/Src/main.c ****   uint8_t update_complete = 0;
 414              		.loc 1 133 58 view .LVU86
 415 0072 A3B3     		cbz	r3, .L32
 133:Core/Src/main.c ****   uint8_t update_complete = 0;
 416              		.loc 1 133 58 discriminator 1 view .LVU87
 417 0074 05F58045 		add	r5, r5, #16384
 418              	.L16:
 419              	.LVL26:
 134:Core/Src/main.c ****   //printf("active_addr: 0x%08lX\n\r", active_addr);
 420              		.loc 1 134 3 is_stmt 1 view .LVU88
 137:Core/Src/main.c ****       if (IMG_valid(active_addr)) {
 421              		.loc 1 137 3 view .LVU89
 137:Core/Src/main.c ****       if (IMG_valid(active_addr)) {
 422              		.loc 1 137 6 is_stmt 0 view .LVU90
 423 0078 012C     		cmp	r4, #1
 424 007a 32D0     		beq	.L34
 425              	.LBB8:
 150:Core/Src/main.c ****       printf("Staying in bootloader.\r\n");
 426              		.loc 1 150 4 is_stmt 1 view .LVU91
 427 007c FFF7FEFF 		bl	UI_Bootloader_ShowStart
 428              	.LVL27:
 151:Core/Src/main.c ****       uint8_t recieved_signal = 2;
 429              		.loc 1 151 7 view .LVU92
 430 0080 7A48     		ldr	r0, .L39+24
 431 0082 FFF7FEFF 		bl	puts
 432              	.LVL28:
 152:Core/Src/main.c **** 
 433              		.loc 1 152 7 view .LVU93
 152:Core/Src/main.c **** 
 434              		.loc 1 152 15 is_stmt 0 view .LVU94
 435 0086 0223     		movs	r3, #2
 436 0088 8DF81530 		strb	r3, [sp, #21]
 155:Core/Src/main.c ****       uint32_t addr;
 437              		.loc 1 155 7 is_stmt 1 view .LVU95
 438 008c 4FF0FF33 		mov	r3, #-1
 439 0090 0122     		movs	r2, #1
 440 0092 0DF11501 		add	r1, sp, #21
 441 0096 7648     		ldr	r0, .L39+28
 442 0098 FFF7FEFF 		bl	HAL_UART_Transmit
 443              	.LVL29:
 156:Core/Src/main.c ****       uint8_t fw_chunk_signal = 1;
 444              		.loc 1 156 7 view .LVU96
ARM GAS  /tmp/ccqcQeLt.s 			page 34


 157:Core/Src/main.c **** 
 445              		.loc 1 157 7 view .LVU97
 157:Core/Src/main.c **** 
 446              		.loc 1 157 15 is_stmt 0 view .LVU98
 447 009c 0123     		movs	r3, #1
 448 009e 8DF81630 		strb	r3, [sp, #22]
 159:Core/Src/main.c **** 		  printf("Writing to SLOT_B\n\r");
 449              		.loc 1 159 4 is_stmt 1 view .LVU99
 159:Core/Src/main.c **** 		  printf("Writing to SLOT_B\n\r");
 450              		.loc 1 159 10 is_stmt 0 view .LVU100
 451 00a2 704B     		ldr	r3, .L39+16
 452 00a4 1B78     		ldrb	r3, [r3]	@ zero_extendqisi2
 159:Core/Src/main.c **** 		  printf("Writing to SLOT_B\n\r");
 453              		.loc 1 159 6 view .LVU101
 454 00a6 012B     		cmp	r3, #1
 455 00a8 32D0     		beq	.L35
 170:Core/Src/main.c **** 		  printf("Writing to SLOT_A\n\r");
 456              		.loc 1 170 11 is_stmt 1 view .LVU102
 170:Core/Src/main.c **** 		  printf("Writing to SLOT_A\n\r");
 457              		.loc 1 170 13 is_stmt 0 view .LVU103
 458 00aa 002B     		cmp	r3, #0
 459 00ac 44D1     		bne	.L23
 171:Core/Src/main.c **** 		  addr = SLOT_A_SEC;
 460              		.loc 1 171 5 is_stmt 1 view .LVU104
 461 00ae 7148     		ldr	r0, .L39+32
 462 00b0 FFF7FEFF 		bl	printf
 463              	.LVL30:
 172:Core/Src/main.c **** 
 464              		.loc 1 172 5 view .LVU105
 175:Core/Src/main.c **** 		  FLASH_Erase_Sector(FLASH_SECTOR_3, FLASH_VOLTAGE_RANGE_3);
 465              		.loc 1 175 5 view .LVU106
 466 00b4 FFF7FEFF 		bl	HAL_FLASH_Unlock
 467              	.LVL31:
 176:Core/Src/main.c **** 		  FLASH_Erase_Sector(FLASH_SECTOR_4, FLASH_VOLTAGE_RANGE_3);
 468              		.loc 1 176 5 view .LVU107
 469 00b8 0221     		movs	r1, #2
 470 00ba 0320     		movs	r0, #3
 471 00bc FFF7FEFF 		bl	FLASH_Erase_Sector
 472              	.LVL32:
 177:Core/Src/main.c **** 		  FLASH_Erase_Sector(FLASH_SECTOR_5, FLASH_VOLTAGE_RANGE_3);
 473              		.loc 1 177 5 view .LVU108
 474 00c0 0221     		movs	r1, #2
 475 00c2 0420     		movs	r0, #4
 476 00c4 FFF7FEFF 		bl	FLASH_Erase_Sector
 477              	.LVL33:
 178:Core/Src/main.c **** 	      HAL_FLASH_Lock();
 478              		.loc 1 178 5 view .LVU109
 479 00c8 0221     		movs	r1, #2
 480 00ca 0520     		movs	r0, #5
 481 00cc FFF7FEFF 		bl	FLASH_Erase_Sector
 482              	.LVL34:
 179:Core/Src/main.c **** 
 483              		.loc 1 179 8 view .LVU110
 484 00d0 FFF7FEFF 		bl	HAL_FLASH_Lock
 485              	.LVL35:
 181:Core/Src/main.c **** 	  }else{
 486              		.loc 1 181 8 view .LVU111
ARM GAS  /tmp/ccqcQeLt.s 			page 35


 487 00d4 0120     		movs	r0, #1
 488 00d6 FFF7FEFF 		bl	bcb_slotswitch
 489              	.LVL36:
 172:Core/Src/main.c **** 
 490              		.loc 1 172 10 is_stmt 0 view .LVU112
 491 00da 674D     		ldr	r5, .L39+36
 492              	.LVL37:
 172:Core/Src/main.c **** 
 493              		.loc 1 172 10 view .LVU113
 494 00dc 37E0     		b	.L25
 495              	.LVL38:
 496              	.L32:
 172:Core/Src/main.c **** 
 497              		.loc 1 172 10 view .LVU114
 498              	.LBE8:
 133:Core/Src/main.c ****   uint8_t update_complete = 0;
 499              		.loc 1 133 58 discriminator 2 view .LVU115
 500 00de 674D     		ldr	r5, .L39+40
 501 00e0 CAE7     		b	.L16
 502              	.LVL39:
 503              	.L34:
 138:Core/Src/main.c **** 
 504              		.loc 1 138 7 is_stmt 1 view .LVU116
 138:Core/Src/main.c **** 
 505              		.loc 1 138 11 is_stmt 0 view .LVU117
 506 00e2 2846     		mov	r0, r5
 507 00e4 FFF7FEFF 		bl	IMG_valid
 508              	.LVL40:
 138:Core/Src/main.c **** 
 509              		.loc 1 138 10 discriminator 1 view .LVU118
 510 00e8 50B1     		cbz	r0, .L18
 140:Core/Src/main.c ****           HAL_Delay(10);
 511              		.loc 1 140 11 is_stmt 1 view .LVU119
 512 00ea 2946     		mov	r1, r5
 513 00ec 6448     		ldr	r0, .L39+44
 514 00ee FFF7FEFF 		bl	printf
 515              	.LVL41:
 141:Core/Src/main.c **** 
 516              		.loc 1 141 11 view .LVU120
 517 00f2 0A20     		movs	r0, #10
 518 00f4 FFF7FEFF 		bl	HAL_Delay
 519              	.LVL42:
 143:Core/Src/main.c ****       } else {
 520              		.loc 1 143 11 view .LVU121
 521 00f8 2846     		mov	r0, r5
 522 00fa FFF7FEFF 		bl	jmp_to_IMG
 523              	.LVL43:
 524 00fe A8E0     		b	.L19
 525              	.L18:
 145:Core/Src/main.c **** 
 526              		.loc 1 145 11 view .LVU122
 527 0100 2946     		mov	r1, r5
 528 0102 6048     		ldr	r0, .L39+48
 529 0104 FFF7FEFF 		bl	printf
 530              	.LVL44:
 531              	.L20:
 147:Core/Src/main.c ****       }
ARM GAS  /tmp/ccqcQeLt.s 			page 36


 532              		.loc 1 147 11 discriminator 1 view .LVU123
 147:Core/Src/main.c ****       }
 533              		.loc 1 147 22 discriminator 1 view .LVU124
 534 0108 6420     		movs	r0, #100
 535 010a FFF7FEFF 		bl	HAL_Delay
 536              	.LVL45:
 147:Core/Src/main.c ****       }
 537              		.loc 1 147 16 discriminator 1 view .LVU125
 538 010e FBE7     		b	.L20
 539              	.L35:
 540              	.LBB14:
 160:Core/Src/main.c **** 
 541              		.loc 1 160 5 view .LVU126
 542 0110 5D48     		ldr	r0, .L39+52
 543 0112 FFF7FEFF 		bl	printf
 544              	.LVL46:
 162:Core/Src/main.c **** 
 545              		.loc 1 162 5 view .LVU127
 164:Core/Src/main.c **** 		  FLASH_Erase_Sector(FLASH_SECTOR_6, FLASH_VOLTAGE_RANGE_3);
 546              		.loc 1 164 5 view .LVU128
 547 0116 FFF7FEFF 		bl	HAL_FLASH_Unlock
 548              	.LVL47:
 165:Core/Src/main.c **** 		  FLASH_Erase_Sector(FLASH_SECTOR_7, FLASH_VOLTAGE_RANGE_3);
 549              		.loc 1 165 5 view .LVU129
 550 011a 0221     		movs	r1, #2
 551 011c 0620     		movs	r0, #6
 552 011e FFF7FEFF 		bl	FLASH_Erase_Sector
 553              	.LVL48:
 166:Core/Src/main.c **** 		  HAL_FLASH_Lock();
 554              		.loc 1 166 5 view .LVU130
 555 0122 0221     		movs	r1, #2
 556 0124 0720     		movs	r0, #7
 557 0126 FFF7FEFF 		bl	FLASH_Erase_Sector
 558              	.LVL49:
 167:Core/Src/main.c **** 
 559              		.loc 1 167 5 view .LVU131
 560 012a FFF7FEFF 		bl	HAL_FLASH_Lock
 561              	.LVL50:
 169:Core/Src/main.c **** 	  } else if(bcb->active_slot == SLOT_B){
 562              		.loc 1 169 5 view .LVU132
 563 012e 0020     		movs	r0, #0
 564 0130 FFF7FEFF 		bl	bcb_slotswitch
 565              	.LVL51:
 162:Core/Src/main.c **** 
 566              		.loc 1 162 10 is_stmt 0 view .LVU133
 567 0134 514D     		ldr	r5, .L39+40
 568              	.LVL52:
 162:Core/Src/main.c **** 
 569              		.loc 1 162 10 view .LVU134
 570 0136 0AE0     		b	.L25
 571              	.LVL53:
 572              	.L23:
 183:Core/Src/main.c ****     	  update_complete = 0;
 573              		.loc 1 183 8 is_stmt 1 view .LVU135
 574 0138 5448     		ldr	r0, .L39+56
 575 013a FFF7FEFF 		bl	printf
 576              	.LVL54:
ARM GAS  /tmp/ccqcQeLt.s 			page 37


 184:Core/Src/main.c ****     	  UI_Bootloader_ShowFailed();
 577              		.loc 1 184 8 view .LVU136
 185:Core/Src/main.c ****     	  while(1);
 578              		.loc 1 185 8 view .LVU137
 579 013e FFF7FEFF 		bl	UI_Bootloader_ShowFailed
 580              	.LVL55:
 581              	.L24:
 186:Core/Src/main.c ****       }
 582              		.loc 1 186 8 view .LVU138
 186:Core/Src/main.c ****       }
 583              		.loc 1 186 13 view .LVU139
 584 0142 FEE7     		b	.L24
 585              	.LVL56:
 586              	.L26:
 191:Core/Src/main.c **** 	  }
 587              		.loc 1 191 8 view .LVU140
 588 0144 9DF81710 		ldrb	r1, [sp, #23]	@ zero_extendqisi2
 589 0148 5148     		ldr	r0, .L39+60
 590 014a FFF7FEFF 		bl	printf
 591              	.LVL57:
 592              	.L25:
 190:Core/Src/main.c **** 	      printf("drained stray byte: %02X\r\n", junk);
 593              		.loc 1 190 50 view .LVU141
 190:Core/Src/main.c **** 	      printf("drained stray byte: %02X\r\n", junk);
 594              		.loc 1 190 11 is_stmt 0 view .LVU142
 595 014e 0123     		movs	r3, #1
 596 0150 1A46     		mov	r2, r3
 597 0152 0DF11701 		add	r1, sp, #23
 598 0156 4648     		ldr	r0, .L39+28
 599 0158 FFF7FEFF 		bl	HAL_UART_Receive
 600              	.LVL58:
 190:Core/Src/main.c **** 	      printf("drained stray byte: %02X\r\n", junk);
 601              		.loc 1 190 50 discriminator 1 view .LVU143
 602 015c 0028     		cmp	r0, #0
 603 015e F1D0     		beq	.L26
 604 0160 2CE0     		b	.L31
 605              	.LVL59:
 606              	.L38:
 607              	.LBB9:
 608              	.LBB10:
 609              	.LBB11:
 204:Core/Src/main.c **** 	    		  memcpy(&first_word, &fw_chunk.fw_img[0], sizeof(first_word));
 610              		.loc 1 204 10 is_stmt 1 view .LVU144
 205:Core/Src/main.c **** 
 611              		.loc 1 205 10 view .LVU145
 207:Core/Src/main.c **** 	    		  memcpy(&last_word, &fw_chunk.fw_img[fw_chunk.length - 4], sizeof(last_word));
 612              		.loc 1 207 10 view .LVU146
 208:Core/Src/main.c **** 
 613              		.loc 1 208 10 view .LVU147
 208:Core/Src/main.c **** 
 614              		.loc 1 208 62 is_stmt 0 view .LVU148
 615 0162 0B1F     		subs	r3, r1, #4
 208:Core/Src/main.c **** 
 616              		.loc 1 208 29 view .LVU149
 617 0164 06A8     		add	r0, sp, #24
 618 0166 0344     		add	r3, r3, r0
 208:Core/Src/main.c **** 
ARM GAS  /tmp/ccqcQeLt.s 			page 38


 619              		.loc 1 208 10 view .LVU150
 620 0168 D3F80300 		ldr	r0, [r3, #3]	@ unaligned
 621              	.LVL60:
 210:Core/Src/main.c **** 	    			          			             fw_chunk.length, fw_chunk.last_chunk, first_word, last_word,fw_ch
 622              		.loc 1 210 10 is_stmt 1 view .LVU151
 211:Core/Src/main.c **** 	    	  } else if (fw_chunk.length > 0) {
 623              		.loc 1 211 127 is_stmt 0 view .LVU152
 624 016c 4B1E     		subs	r3, r1, #1
 211:Core/Src/main.c **** 	    	  } else if (fw_chunk.length > 0) {
 625              		.loc 1 211 110 view .LVU153
 626 016e 06AC     		add	r4, sp, #24
 627 0170 2344     		add	r3, r3, r4
 628 0172 DB78     		ldrb	r3, [r3, #3]	@ zero_extendqisi2
 210:Core/Src/main.c **** 	    			          			             fw_chunk.length, fw_chunk.last_chunk, first_word, last_word,fw_ch
 629              		.loc 1 210 10 view .LVU154
 630 0174 0193     		str	r3, [sp, #4]
 631 0176 0090     		str	r0, [sp]
 632 0178 DDF81B30 		ldr	r3, [sp, #27]	@ unaligned
 633              	.LVL61:
 210:Core/Src/main.c **** 	    			          			             fw_chunk.length, fw_chunk.last_chunk, first_word, last_word,fw_ch
 634              		.loc 1 210 10 view .LVU155
 635 017c 4548     		ldr	r0, .L39+64
 636              	.LVL62:
 210:Core/Src/main.c **** 	    			          			             fw_chunk.length, fw_chunk.last_chunk, first_word, last_word,fw_ch
 637              		.loc 1 210 10 view .LVU156
 638 017e FFF7FEFF 		bl	printf
 639              	.LVL63:
 640              	.L29:
 210:Core/Src/main.c **** 	    			          			             fw_chunk.length, fw_chunk.last_chunk, first_word, last_word,fw_ch
 641              		.loc 1 210 10 view .LVU157
 642              	.LBE11:
 219:Core/Src/main.c **** 
 643              		.loc 1 219 9 is_stmt 1 view .LVU158
 219:Core/Src/main.c **** 
 644              		.loc 1 219 13 is_stmt 0 view .LVU159
 645 0182 2946     		mov	r1, r5
 646 0184 06A8     		add	r0, sp, #24
 647 0186 FFF7FEFF 		bl	write_to_flash
 648              	.LVL64:
 219:Core/Src/main.c **** 
 649              		.loc 1 219 12 discriminator 1 view .LVU160
 650 018a 0028     		cmp	r0, #0
 651 018c 50D1     		bne	.L36
 652              	.L30:
 223:Core/Src/main.c **** 	    	  printf("address = 0x%08lX\r\n", (uint32_t)addr);
 653              		.loc 1 223 9 is_stmt 1 view .LVU161
 223:Core/Src/main.c **** 	    	  printf("address = 0x%08lX\r\n", (uint32_t)addr);
 654              		.loc 1 223 25 is_stmt 0 view .LVU162
 655 018e BDF81830 		ldrh	r3, [sp, #24]
 223:Core/Src/main.c **** 	    	  printf("address = 0x%08lX\r\n", (uint32_t)addr);
 656              		.loc 1 223 14 view .LVU163
 657 0192 1D44     		add	r5, r5, r3
 658              	.LVL65:
 224:Core/Src/main.c **** 
 659              		.loc 1 224 9 is_stmt 1 view .LVU164
 660 0194 2946     		mov	r1, r5
 661 0196 4048     		ldr	r0, .L39+68
ARM GAS  /tmp/ccqcQeLt.s 			page 39


 662 0198 FFF7FEFF 		bl	printf
 663              	.LVL66:
 227:Core/Src/main.c **** 	    	  printf("ACK TX status: %d\r\n", tx_status);
 664              		.loc 1 227 9 view .LVU165
 227:Core/Src/main.c **** 	    	  printf("ACK TX status: %d\r\n", tx_status);
 665              		.loc 1 227 39 is_stmt 0 view .LVU166
 666 019c 4FF0FF33 		mov	r3, #-1
 667 01a0 0122     		movs	r2, #1
 668 01a2 0DF11601 		add	r1, sp, #22
 669 01a6 3248     		ldr	r0, .L39+28
 670 01a8 FFF7FEFF 		bl	HAL_UART_Transmit
 671              	.LVL67:
 672 01ac 0146     		mov	r1, r0
 673              	.LVL68:
 228:Core/Src/main.c **** 
 674              		.loc 1 228 9 is_stmt 1 view .LVU167
 675 01ae 3B48     		ldr	r0, .L39+72
 676 01b0 FFF7FEFF 		bl	printf
 677              	.LVL69:
 231:Core/Src/main.c **** 	    		  printf("Last chunk, breaking.\n");
 678              		.loc 1 231 9 view .LVU168
 231:Core/Src/main.c **** 	    		  printf("Last chunk, breaking.\n");
 679              		.loc 1 231 21 is_stmt 0 view .LVU169
 680 01b4 9DF81A30 		ldrb	r3, [sp, #26]	@ zero_extendqisi2
 231:Core/Src/main.c **** 	    		  printf("Last chunk, breaking.\n");
 681              		.loc 1 231 12 view .LVU170
 682 01b8 012B     		cmp	r3, #1
 683 01ba 3DD0     		beq	.L37
 684              	.LVL70:
 685              	.L31:
 231:Core/Src/main.c **** 	    		  printf("Last chunk, breaking.\n");
 686              		.loc 1 231 12 view .LVU171
 687              	.LBE10:
 688              	.LBE9:
 194:Core/Src/main.c **** 		  fw_chunk_t fw_chunk = {0};
 689              		.loc 1 194 4 is_stmt 1 view .LVU172
 690              	.LBB13:
 195:Core/Src/main.c **** 
 691              		.loc 1 195 5 view .LVU173
 195:Core/Src/main.c **** 
 692              		.loc 1 195 16 is_stmt 0 view .LVU174
 693 01bc 40F20324 		movw	r4, #515
 694 01c0 2246     		mov	r2, r4
 695 01c2 0021     		movs	r1, #0
 696 01c4 06A8     		add	r0, sp, #24
 697 01c6 FFF7FEFF 		bl	memset
 698              	.LVL71:
 197:Core/Src/main.c **** 	      printf("RAW: len=%u last=%u b0=%02X b1=%02X b2=%02X b3=%02X\r\n",
 699              		.loc 1 197 8 is_stmt 1 view .LVU175
 700 01ca 4FF0FF33 		mov	r3, #-1
 701 01ce 2246     		mov	r2, r4
 702 01d0 06A9     		add	r1, sp, #24
 703 01d2 2748     		ldr	r0, .L39+28
 704 01d4 FFF7FEFF 		bl	HAL_UART_Receive
 705              	.LVL72:
 198:Core/Src/main.c **** 	      fw_chunk.length, fw_chunk.last_chunk,
 706              		.loc 1 198 8 view .LVU176
ARM GAS  /tmp/ccqcQeLt.s 			page 40


 200:Core/Src/main.c **** 
 707              		.loc 1 200 43 is_stmt 0 view .LVU177
 708 01d8 9DF81C30 		ldrb	r3, [sp, #28]	@ zero_extendqisi2
 200:Core/Src/main.c **** 
 709              		.loc 1 200 63 view .LVU178
 710 01dc 9DF81D20 		ldrb	r2, [sp, #29]	@ zero_extendqisi2
 200:Core/Src/main.c **** 
 711              		.loc 1 200 83 view .LVU179
 712 01e0 9DF81E10 		ldrb	r1, [sp, #30]	@ zero_extendqisi2
 198:Core/Src/main.c **** 	      fw_chunk.length, fw_chunk.last_chunk,
 713              		.loc 1 198 8 view .LVU180
 714 01e4 0291     		str	r1, [sp, #8]
 715 01e6 0192     		str	r2, [sp, #4]
 716 01e8 0093     		str	r3, [sp]
 717 01ea 9DF81B30 		ldrb	r3, [sp, #27]	@ zero_extendqisi2
 718 01ee 9DF81A20 		ldrb	r2, [sp, #26]	@ zero_extendqisi2
 719 01f2 BDF81810 		ldrh	r1, [sp, #24]
 720 01f6 2A48     		ldr	r0, .L39+76
 721 01f8 FFF7FEFF 		bl	printf
 722              	.LVL73:
 202:Core/Src/main.c **** 	    	  if (fw_chunk.length >= 4) {
 723              		.loc 1 202 8 is_stmt 1 view .LVU181
 202:Core/Src/main.c **** 	    	  if (fw_chunk.length >= 4) {
 724              		.loc 1 202 20 is_stmt 0 view .LVU182
 725 01fc BDF81810 		ldrh	r1, [sp, #24]
 202:Core/Src/main.c **** 	    	  if (fw_chunk.length >= 4) {
 726              		.loc 1 202 32 view .LVU183
 727 0200 4B1E     		subs	r3, r1, #1
 728 0202 9BB2     		uxth	r3, r3
 202:Core/Src/main.c **** 	    	  if (fw_chunk.length >= 4) {
 729              		.loc 1 202 11 view .LVU184
 730 0204 B3F5007F 		cmp	r3, #512
 731 0208 D8D2     		bcs	.L31
 202:Core/Src/main.c **** 	    	  if (fw_chunk.length >= 4) {
 732              		.loc 1 202 77 discriminator 1 view .LVU185
 733 020a 9DF81A20 		ldrb	r2, [sp, #26]	@ zero_extendqisi2
 202:Core/Src/main.c **** 	    	  if (fw_chunk.length >= 4) {
 734              		.loc 1 202 66 discriminator 1 view .LVU186
 735 020e 012A     		cmp	r2, #1
 736 0210 D4D8     		bhi	.L31
 737              	.LBB12:
 203:Core/Src/main.c **** 	    		  uint32_t first_word;
 738              		.loc 1 203 9 is_stmt 1 view .LVU187
 203:Core/Src/main.c **** 	    		  uint32_t first_word;
 739              		.loc 1 203 12 is_stmt 0 view .LVU188
 740 0212 0329     		cmp	r1, #3
 741 0214 A5D8     		bhi	.L38
 212:Core/Src/main.c **** 	    		  printf("len=%d last_chunk=%d first_byte=%02X last_byte=%02X\r\n",
 742              		.loc 1 212 16 is_stmt 1 view .LVU189
 212:Core/Src/main.c **** 	    		  printf("len=%d last_chunk=%d first_byte=%02X last_byte=%02X\r\n",
 743              		.loc 1 212 19 is_stmt 0 view .LVU190
 744 0216 0029     		cmp	r1, #0
 745 0218 B3D0     		beq	.L29
 213:Core/Src/main.c **** 	    			             fw_chunk.length, fw_chunk.last_chunk,
 746              		.loc 1 213 10 is_stmt 1 view .LVU191
 216:Core/Src/main.c **** 	    	  }
 747              		.loc 1 216 54 is_stmt 0 view .LVU192
ARM GAS  /tmp/ccqcQeLt.s 			page 41


 748 021a 4B1E     		subs	r3, r1, #1
 216:Core/Src/main.c **** 	    	  }
 749              		.loc 1 216 37 view .LVU193
 750 021c 06A8     		add	r0, sp, #24
 751 021e 0344     		add	r3, r3, r0
 752 0220 DB78     		ldrb	r3, [r3, #3]	@ zero_extendqisi2
 213:Core/Src/main.c **** 	    			             fw_chunk.length, fw_chunk.last_chunk,
 753              		.loc 1 213 10 view .LVU194
 754 0222 0093     		str	r3, [sp]
 755 0224 9DF81B30 		ldrb	r3, [sp, #27]	@ zero_extendqisi2
 756 0228 1E48     		ldr	r0, .L39+80
 757 022a FFF7FEFF 		bl	printf
 758              	.LVL74:
 759 022e A8E7     		b	.L29
 760              	.L36:
 221:Core/Src/main.c **** 	    	  }
 761              		.loc 1 221 10 is_stmt 1 view .LVU195
 762 0230 1D48     		ldr	r0, .L39+84
 763 0232 FFF7FEFF 		bl	printf
 764              	.LVL75:
 765 0236 AAE7     		b	.L30
 766              	.LVL76:
 767              	.L37:
 232:Core/Src/main.c **** 	    		  break;
 768              		.loc 1 232 10 view .LVU196
 769 0238 1C48     		ldr	r0, .L39+88
 770 023a FFF7FEFF 		bl	puts
 771              	.LVL77:
 233:Core/Src/main.c **** 	    	  }
 772              		.loc 1 233 10 view .LVU197
 773              	.LBE12:
 774              	.LBE13:
 239:Core/Src/main.c **** 	  update_complete = 1;
 775              		.loc 1 239 4 view .LVU198
 776 023e 094B     		ldr	r3, .L39+16
 777 0240 1978     		ldrb	r1, [r3]	@ zero_extendqisi2
 778 0242 1B48     		ldr	r0, .L39+92
 779 0244 FFF7FEFF 		bl	printf
 780              	.LVL78:
 240:Core/Src/main.c **** 
 781              		.loc 1 240 4 view .LVU199
 242:Core/Src/main.c ****     	  UI_Bootloader_ShowDone();
 782              		.loc 1 242 7 view .LVU200
 243:Core/Src/main.c ****       else
 783              		.loc 1 243 8 view .LVU201
 784 0248 FFF7FEFF 		bl	UI_Bootloader_ShowDone
 785              	.LVL79:
 248:Core/Src/main.c **** 
 786              		.loc 1 248 7 view .LVU202
 787 024c 1948     		ldr	r0, .L39+96
 788 024e FFF7FEFF 		bl	printf
 789              	.LVL80:
 790              	.L19:
 248:Core/Src/main.c **** 
 791              		.loc 1 248 7 is_stmt 0 view .LVU203
 792              	.LBE14:
 257:Core/Src/main.c ****   {
ARM GAS  /tmp/ccqcQeLt.s 			page 42


 793              		.loc 1 257 3 is_stmt 1 view .LVU204
 262:Core/Src/main.c ****   /* USER CODE END 3 */
 794              		.loc 1 262 3 view .LVU205
 257:Core/Src/main.c ****   {
 795              		.loc 1 257 9 view .LVU206
 796 0252 FEE7     		b	.L19
 797              	.L40:
 798              		.align	2
 799              	.L39:
 800 0254 00040240 		.word	1073873920
 801 0258 00000000 		.word	_impure_ptr
 802 025c 00080240 		.word	1073874944
 803 0260 00000000 		.word	.LC0
 804 0264 00800008 		.word	134250496
 805 0268 0C000000 		.word	.LC1
 806 026c 8C000000 		.word	.LC4
 807 0270 00000000 		.word	huart1
 808 0274 B8000000 		.word	.LC6
 809 0278 00C00008 		.word	134266880
 810 027c 00000408 		.word	134479872
 811 0280 20000000 		.word	.LC2
 812 0284 50000000 		.word	.LC3
 813 0288 A4000000 		.word	.LC5
 814 028c CC000000 		.word	.LC7
 815 0290 F4000000 		.word	.LC8
 816 0294 48010000 		.word	.LC10
 817 0298 DC010000 		.word	.LC13
 818 029c F0010000 		.word	.LC14
 819 02a0 10010000 		.word	.LC9
 820 02a4 94010000 		.word	.LC11
 821 02a8 CC010000 		.word	.LC12
 822 02ac 04020000 		.word	.LC15
 823 02b0 1C020000 		.word	.LC16
 824 02b4 38020000 		.word	.LC17
 825              		.cfi_endproc
 826              	.LFE138:
 828              		.text
 829              	.Letext0:
 830              		.file 3 "/usr/lib/gcc/arm-none-eabi/13.2.1/include/stdint.h"
 831              		.file 4 "Drivers/CMSIS/Device/ST/STM32F4xx/Include/stm32f401xe.h"
 832              		.file 5 "/usr/lib/gcc/arm-none-eabi/13.2.1/include/stddef.h"
 833              		.file 6 "Drivers/STM32F4xx_HAL_Driver/Inc/stm32f4xx_hal_def.h"
 834              		.file 7 "Drivers/STM32F4xx_HAL_Driver/Inc/stm32f4xx_hal_rcc_ex.h"
 835              		.file 8 "Drivers/STM32F4xx_HAL_Driver/Inc/stm32f4xx_hal_rcc.h"
 836              		.file 9 "Drivers/STM32F4xx_HAL_Driver/Inc/stm32f4xx_hal_gpio.h"
 837              		.file 10 "Drivers/STM32F4xx_HAL_Driver/Inc/stm32f4xx_hal_dma.h"
 838              		.file 11 "Drivers/STM32F4xx_HAL_Driver/Inc/stm32f4xx_hal_uart.h"
 839              		.file 12 "Core/Inc/usart.h"
 840              		.file 13 "/usr/include/newlib/sys/_types.h"
 841              		.file 14 "/usr/include/newlib/sys/reent.h"
 842              		.file 15 "/usr/include/newlib/sys/lock.h"
 843              		.file 16 "/usr/include/newlib/stdio.h"
 844              		.file 17 "Core/Inc/bootloader.h"
 845              		.file 18 "Core/Inc/st7789_bootloader.h"
 846              		.file 19 "Drivers/STM32F4xx_HAL_Driver/Inc/stm32f4xx_hal_flash_ex.h"
 847              		.file 20 "Drivers/STM32F4xx_HAL_Driver/Inc/stm32f4xx_hal_flash.h"
 848              		.file 21 "Drivers/STM32F4xx_HAL_Driver/Inc/stm32f4xx_hal.h"
ARM GAS  /tmp/ccqcQeLt.s 			page 43


 849              		.file 22 "Core/Inc/st7789.h"
 850              		.file 23 "Core/Inc/spi.h"
 851              		.file 24 "Core/Inc/crc.h"
 852              		.file 25 "Core/Inc/gpio.h"
 853              		.file 26 "<built-in>"
ARM GAS  /tmp/ccqcQeLt.s 			page 44


DEFINED SYMBOLS
                            *ABS*:00000000 main.c
     /tmp/ccqcQeLt.s:21     .text.__io_putchar:00000000 $t
     /tmp/ccqcQeLt.s:27     .text.__io_putchar:00000000 __io_putchar
     /tmp/ccqcQeLt.s:69     .text.__io_putchar:00000020 $d
     /tmp/ccqcQeLt.s:74     .text.Error_Handler:00000000 $t
     /tmp/ccqcQeLt.s:80     .text.Error_Handler:00000000 Error_Handler
     /tmp/ccqcQeLt.s:112    .text.SystemClock_Config:00000000 $t
     /tmp/ccqcQeLt.s:118    .text.SystemClock_Config:00000000 SystemClock_Config
     /tmp/ccqcQeLt.s:247    .text.SystemClock_Config:00000084 $d
     /tmp/ccqcQeLt.s:253    .rodata.main.str1.4:00000000 $d
     /tmp/ccqcQeLt.s:314    .text.main:00000000 $t
     /tmp/ccqcQeLt.s:320    .text.main:00000000 main
     /tmp/ccqcQeLt.s:800    .text.main:00000254 $d

UNDEFINED SYMBOLS
HAL_UART_Transmit
huart2
memset
HAL_RCC_OscConfig
HAL_RCC_ClockConfig
HAL_Init
MX_GPIO_Init
MX_USART2_UART_Init
MX_CRC_Init
MX_SPI1_Init
MX_USART1_UART_Init
HAL_GPIO_WritePin
ST7789_Init
setvbuf
HAL_Delay
HAL_GPIO_ReadPin
printf
UI_Bootloader_ShowStart
puts
HAL_FLASH_Unlock
FLASH_Erase_Sector
HAL_FLASH_Lock
bcb_slotswitch
IMG_valid
jmp_to_IMG
UI_Bootloader_ShowFailed
HAL_UART_Receive
write_to_flash
UI_Bootloader_ShowDone
_impure_ptr
huart1
